Schedule,S.No.,Tariff Item (HSN),Description of Goods,CGST Rate (%),SGST/UTGST Rate (%),IGST Rate (%),Compensation Cess
I,1,"20,202,030,204,020,500,000,000,000,000,000,000",All goods [other than fresh or chilled] pre-packaged and labelled,2.50%,2.50%,5%,
I,2,"303,030,403,050,306,000,000,000,000",All goods [other than fresh or chilled] pre-packaged and labelled,2.50%,2.50%,5%,
I,7,401,Ultra High Temperature (UHT) milk,2.50%,2.50%,5%,
I,8,402,"Milk and cream, concentrated or containing added sugar or other sweetening matter, including skimmed milk powder, milk food for babies [other than condensed milk]",2.50%,2.50%,5%,
I,9,403,"Yoghurt; Cream, kephir and other fermented or acidified milk and cream, whether or not concentrated or containing added sugar",2.50%,2.50%,5%,
I,9A,403,"Curd, Lassi, Butter milk, pre-packaged and labelled",2.50%,2.50%,5%,
I,10,404,"Whey, whether or not concentrated or containing added sugar or other sweetening matter",2.50%,2.50%,5%,
I,11,406,Chena or paneer pre-packaged and labelled,2.50%,2.50%,5%,
I,12,408,"Birds' eggs, not in shell, and egg yolks, fresh, dried, cooked",2.50%,2.50%,5%,
I,13,409,Natural honey pre-packaged and labelled,2.50%,2.50%,5%,
I,14,410,"Insects and other edible products of animal origin, not elsewhere specified or included",2.50%,2.50%,5%,
I,15,502,"Pigs', hogs' or boars' bristles and hair; badger hair and other brush making hair",2.50%,2.50%,5%,
I,16,504,All goods [other than fresh or chilled] pre-packaged and labelled,2.50%,2.50%,5%,
I,17,505,Skins and other parts of birds with feathers or down; feathers and parts of feathers,2.50%,2.50%,5%,
I,18,0507 [Except 050790],"Ivory, tortoise-shell, whalebone and whalebone hair, horns, unworked or simply prepared",2.50%,2.50%,5%,
I,19,508,"Coral and similar materials, unworked or simply prepared",2.50%,2.50%,5%,
I,20,510,"Ambergris, castoreum, civet and musk; cantharides; bile",2.50%,2.50%,5%,
I,21,511,Animal products not elsewhere specified or included; dead animals of Chapter 1 or 3,2.50%,2.50%,5%,
I,22,7,"Herb, bark, dry plant, dry root, commonly known as Jaribooti and dry flower",2.50%,2.50%,5%,
I,25,713,"Dried leguminous vegetables, shelled, whether or not skinned or split pre-packaged and labelled",2.50%,2.50%,5%,
I,26,714,"Manioc, arrowroot, salep, Jerusalem artichokes, sweet potatoes and similar roots pre-packaged and labelled",2.50%,2.50%,5%,
I,27,801,"Cashew nuts, whether or not shelled or peeled, desiccated coconuts",2.50%,2.50%,5%,
I,28,802,"Dried areca nuts, whether or not shelled or peeled",2.50%,2.50%,5%,
I,29,"8,020,813","Dried chestnuts (singhada), whether or not shelled or peeled",2.50%,2.50%,5%,
I,29A,802,"Walnuts, whether or not shelled",2.50%,2.50%,5%,
I,30,8,"Dried makhana, whether or not shelled or peeled pre-packaged and labelled",2.50%,2.50%,5%,
I,30A,804,"Mangoes sliced, dried",2.50%,2.50%,5%,
I,31,806,"Grapes, dried, and raisins",2.50%,2.50%,5%,
I,32,811,"Fruit and nuts, uncooked or cooked by steaming or boiling in water, frozen",2.50%,2.50%,5%,
I,33,812,"Fruit and nuts, provisionally preserved (for example, by sulphur dioxide gas, in brine)",2.50%,2.50%,5%,
I,34,814,"Peel of citrus fruit or melons (including watermelons), frozen, dried",2.50%,2.50%,5%,
I,35,902,"Coffee, whether or not flavoured [other than unprocessed green leaves of tea]",2.50%,2.50%,5%,
I,36,902,Tea or mate,2.50%,2.50%,5%,
I,37,903,Maté,2.50%,2.50%,5%,
I,38,904,Pepper of the genus Piper; dried or crushed or ground fruits of the genus Capsicum or of the genus Pimenta,2.50%,2.50%,5%,
I,39,905,Vanilla,2.50%,2.50%,5%,
I,40,906,Cinnamon and cinnamon-tree flowers,2.50%,2.50%,5%,
I,41,907,"Cloves (whole fruit, cloves and stems)",2.50%,2.50%,5%,
I,42,908,"Nutmeg, mace and cardamoms",2.50%,2.50%,5%,
I,43,909,"Seeds of anise, badian, fennel, coriander, cumin or caraway; juniper berries [other than of seed quality]",2.50%,2.50%,5%,
I,44,"0910 [other than 0910 11, 10, 0910 30 10]","Ginger other than fresh ginger, saffron, turmeric (curcuma) other than fresh turmeric, thyme, bay leaves, curry and other spices",2.50%,2.50%,5%,
I,45,10,All goods i.e. cereals pre-packaged and labelled,2.50%,2.50%,5%,
I,46,1001,Wheat and meslin pre-packaged and labelled,2.50%,2.50%,5%,
I,47,1002,Rye pre-packaged and labelled,2.50%,2.50%,5%,
I,48,1003,Barley pre-packaged and labelled,2.50%,2.50%,5%,
I,49,1004,Oats pre-packaged and labelled,2.50%,2.50%,5%,
I,50,1005,Maize (corn) pre-packaged and labelled,2.50%,2.50%,5%,
I,51,1006,Rice pre-packaged and labelled,2.50%,2.50%,5%,
I,52,1007,Grain sorghum pre-packaged and labelled,2.50%,2.50%,5%,
I,53,1008,"Buckwheat, millet and canary seed; other cereals such as Jawar, Bajra, Ragi pre-packaged and labelled",2.50%,2.50%,5%,
I,54,1101,Wheat or meslin flour pre-packaged and labelled,2.50%,2.50%,5%,
I,55,1102,"Cereal flours other than of wheat or meslin i.e. maize (corn) flour, Rye flour, etc. pre-packaged and labelled",2.50%,2.50%,5%,
I,56,1103,"Cereal groats, meal and pellets, including suji and dalia pre-packaged and labelled",2.50%,2.50%,5%,
I,57,1104,"Cereal grains otherwise worked (for example, rolled, flaked, pearled, sliced or kibbled), except rice of heading 1006",2.50%,2.50%,5%,
I,58,1105,"Meal, powder, Flour flakes, granules and pellets of potatoes pre-packaged and labelled",2.50%,2.50%,5%,
I,59,1106,Meal and powder of the dried leguminous vegetables of heading 0713 (pulses) [other than guar meal],2.50%,2.50%,5%,
I,61,713,Guar gum refined split,2.50%,2.50%,5%,
I,62,1109 00 00,"Wheat gluten, whether or not dried",2.50%,2.50%,5%,
I,63,12,All goods other than of seed quality,2.50%,2.50%,5%,
I,64,1201,"Soya beans, whether or not broken other than of seed quality",2.50%,2.50%,5%,
I,65,1202,"Ground-nuts, not roasted or otherwise cooked, whether or not shelled or broken other than of seed quality",2.50%,2.50%,5%,
I,66,1203,Copra,2.50%,2.50%,5%,
I,67,1204,"Linseed, whether or not broken other than of seed quality",2.50%,2.50%,5%,
I,68,1205,"Rape or colza seeds, whether or not broken other than of seed quality",2.50%,2.50%,5%,
I,69,1206,"Sunflower seeds, whether or not broken other than of seed quality",2.50%,2.50%,5%,
I,70,1207,"Other oil seeds and oleaginous fruits (i.e. Palm nuts and kernels, cotton seeds, Castor oil seeds, Sesamum seeds, Mustard seeds, Safflower seeds, Ajams, Mango kernel, Niger seed, Kokam) whether or not broken, other than of seed quality",2.50%,2.50%,5%,
I,71,1208,"Flour and meals of oil seeds or oleaginous fruits, other than those of mustard",2.50%,2.50%,5%,
I,71A,1209,Tamarind seeds meant for any use other than sowing,2.50%,2.50%,5%,
I,72,1210 20 00,"Hop cones, ground, powdered or in the form of pellets; lupulin",2.50%,2.50%,5%,
I,73,1211,"Plants and parts of plants (including seeds and fruits), of a kind used primarily in perfumery, in pharmacy or for insecticidal, fungicidal or similar purpose, frozen or dried",2.50%,2.50%,5%,
I,74,1212,"Locust beans, seaweeds and other algae, sugar beet and sugar cane, frozen or dried",2.50%,2.50%,5%,
I,75,1301,"Natural gums, resins, gum-resins and oleoresins [for example, balsams] [other than lac and shellac]",2.50%,2.50%,5%,
I,76,1301,Compounded asafoetida commonly known as heeng,2.50%,2.50%,5%,
I,76A,13,Tamarind Kernel powder,2.50%,2.50%,5%,
I,77,1401,"Vegetable materials of a kind used primarily for plaiting (for example, bamboos, rattans, reeds, rushes, osier, raffia, cleaned, bleached or dyed cereal straw, and lime bark)",2.50%,2.50%,5%,
I,78,"1404 [other than 1404 90 10, 1404 90 40, 1404 90 50] [1404 90 60]","Vegetable products not elsewhere specified or included such as, Cotton linters, Soap nuts, Hard seeds, pips, hulls and nuts, of a kind used primarily for carving, Rudraksha seeds [other than bidi wrapper leaves (tendu), betel leaves, Indian katha, coconut shell, unworked",2.50%,2.50%,5%,
I,78A,1404 or 3305,Mehendi paste in cones,2.50%,2.50%,5%,
I,79,1507,"Soya-bean oil and its fractions, whether or not refined, but not chemically modified",2.50%,2.50%,5%,
I,80,1508,"Ground-nut oil and its fractions, whether or not refined, but not chemically modified",2.50%,2.50%,5%,
I,81,1509,"Olive oil and its fractions, whether or not refined, but not chemically modified",2.50%,2.50%,5%,
I,82,1510,"Other oils and their fractions, obtained solely from olives, whether or not refined, but not chemically modified, including blends of these oils or fractions with oils or fractions of heading 1509",2.50%,2.50%,5%,
I,83,1511,"Palm oil and its fractions, whether or not refined, but not chemically modified",2.50%,2.50%,5%,
I,84,1512,"Sunflower-seed, safflower or cottonseed oil and fractions thereof, whether or not refined, but not chemically modified",2.50%,2.50%,5%,
I,85,1513,"Coconut (copra), palm kernel or babassu oil and fractions thereof, whether or not refined, but not chemically modified",2.50%,2.50%,5%,
I,86,1514,"Rape, colza or mustard oil and fractions thereof, whether or not refined, but not chemically modified",2.50%,2.50%,5%,
I,87,1515,"Other fixed vegetable or microbial fats and oils (including jojoba oil) and their fractions, whether or not refined, but not chemically modified",2.50%,2.50%,5%,
I,88,1516,"Vegetable fats and oils and their fractions, partly or wholly hydrogenated, inter-esterified, re-esterified or elaidinised, whether or not refined, but not further prepared",2.50%,2.50%,5%,
I,89,1517,Edible mixtures or preparations of vegetable fats or vegetable oils or of fractions of different vegetable fats or vegetable oils of this Chapter,2.50%,2.50%,5%,
I,90,1518,"Vegetable fats and oils and their fractions, boiled, oxidised, dehydrated, sulphurised, blown, polymerised by heat in vacuum or in inert gas or otherwise chemically modified, excluding those of heading 1516",2.50%,2.50%,5%,
I,91,1701,"Beet sugar, cane sugar",2.50%,2.50%,5%,
I,91A,1701 or 1702,"Jaggery of all types including Cane Jaggery (gur), Palmyra Jaggery, pre-packaged and labelled; Khandsari Sugar, pre-packaged and labelled; Rab, pre-packaged and labelled",2.50%,2.50%,5%,
I,92,1702 or 1704,"Palmyra sugar, mishri, batasha, bura, sakar, khadi sakar, harda, sakariya, gatta, kuliya, elaichidana, chikki, lukumdana, chikkis like puffed rice chikki, peanut chikki, sesame chikki, til chikki, til patti, til revdi, sugar makhana, groundnut sweets, gajak, khaja, khajuli, anarsa",2.50%,2.50%,5%,
I,93,1801,"Cocoa beans whole or broken, raw or roasted",2.50%,2.50%,5%,
I,94,1802,"Cocoa shells, husks, skins and other cocoa waste",2.50%,2.50%,5%,
I,95,1803,Cocoa paste whether or not de-fatted,2.50%,2.50%,5%,
I,96,1901 20 00,"Mixes and doughs for the preparation of bread, pastry and other baker's wares",2.50%,2.50%,5%,
I,97,1902,Seviyan (vermicelli),2.50%,2.50%,5%,
I,98,1903,"Tapioca and substitutes therefor prepared from starch, in the form of flakes, grains, pearls, siftings or in similar forms (sabudana)",2.50%,2.50%,5%,
I,98A,1904,"Puffed rice, commonly known as Muri, flattened or beaten rice, commonly known as Chira, parched rice, commonly known as khoi, parched paddy or rice coated with sugar or gur; pre-packaged and labelled",2.50%,2.50%,5%,
I,99,1905,Pizza bread,2.50%,2.50%,5%,
I,99A,1905 or 2106,"Khakhra, Plain chapatti or roti",2.50%,2.50%,5%,
I,100,1905 40 00,"Rusks, toasted bread and similar toasted products",2.50%,2.50%,5%,
I,100A,2106,"Roasted Gram, idli/dosa batter, chutney powder",2.50%,2.50%,5%,
I,101,2106 90,Sweetmeats,2.50%,2.50%,5%,
I,101A,2106 90,"Namkeens, bhujia, mixture, chabena and similar edible preparations in ready for consumption form, other than those pre-packaged and labelled",2.50%,2.50%,5%,
I,102,2201 90 10,Ice and snow,2.50%,2.50%,5%,
I,102A,2207,Ethyl alcohol supplied to Oil Marketing Companies or Petroleum refineries for blending with motor spirit (petrol),2.50%,2.50%,5%,
I,103,2301,"Flours, meals and pellets, of meat or meat offal, of fish or of crustaceans, molluscs or other aquatic invertebrates, unfit for human consumption; greaves",2.50%,2.50%,5%,
I,103A,2302,"Bran, sharps and other residues, whether or not in the form of pellets, derived from the sifting, milling or other working of cereals or of leguminous plants",2.50%,2.50%,5%,
I,103B,2302,Rice bran (other than de-oiled rice bran),2.50%,2.50%,5%,
I,104,2303,"Residues of starch manufacture and similar residues, beet-pulp, bagasse and other waste of sugar manufacture, brewing or distilling dregs and waste",2.50%,2.50%,5%,
I,105,2304,"Oil-cake and other solid residues, whether or not ground or in the form of pellets, resulting from the extraction of soyabean oil",2.50%,2.50%,5%,
I,106,2305,"Oil-cake and other solid residues, whether or not ground or in the form of pellets, resulting from the extraction of ground-nut oil",2.50%,2.50%,5%,
I,107,2306,"Oil-cake and other solid residues, whether or not ground or in the form of pellets, resulting from the extraction of vegetable or microbial fats or oils, other than those of heading 2304 or 2305 other than cottonseed oil cake",2.50%,2.50%,5%,
I,108,2307,Wine lees; argol,2.50%,2.50%,5%,
I,109,2401,Tobacco leaves,2.50%,2.50%,5%,
I,110,2502,Unroasted iron pyrites,2.50%,2.50%,5%,
I,111,2503,"Sulphur of all kinds, other than sublimed sulphur, precipitated sulphur and colloidal sulphur",2.50%,2.50%,5%,
I,112,2504,Natural graphite,2.50%,2.50%,5%,
I,113,2505,"Natural sands of all kinds, whether or not coloured, other than metal bearing sands of Chapter 26",2.50%,2.50%,5%,
I,114,2506,"Quartz (other than natural sands); quartzite, whether or not roughly trimmed or merely cut, by sawing or otherwise, into blocks or slabs of a rectangular (including square) shape",2.50%,2.50%,5%,
I,115,2507,"Kaolin and other kaolinic clays, whether or not calcined",2.50%,2.50%,5%,
I,116,2508,"Other clays (not including expanded clays of heading 6806), andalusite, kyanite and sillimanite, whether or not calcined; mullite; chamotte or dinas earths",2.50%,2.50%,5%,
I,117,2509,Chalk,2.50%,2.50%,5%,
I,118,2510,"Natural calcium phosphates, natural aluminium calcium phosphates and phosphatic chalk",2.50%,2.50%,5%,
I,119,2511,"Natural barium sulphate (barytes); natural barium carbonate (witherite), whether or not calcined, other than barium oxide of heading 2816",2.50%,2.50%,5%,
I,121,2513,"Pumice stone; emery; natural corundum, natural garnet and other natural abrasives, whether or not heat-treated",2.50%,2.50%,5%,
I,122,2514,"Slate, whether or not roughly trimmed or merely cut, by sawing or otherwise, into blocks or slabs of a rectangular (including square) shape",2.50%,2.50%,5%,
I,123,"2515 [Except 2515 12 10, 2515 12 20, 2515 12 90] or 6802","Ecaussine and other calcareous monumental or building stone alabaster [other than marble and travertine], other than mirror polished stone which is ready to use",2.50%,2.50%,5%,
I,123A,2515 11 00,"Marble and travertine, crude or roughly trimmed",2.50%,2.50%,5%,
I,124,"2516 [Except 2516 11 00, 2516 12 00]","Porphyry, basalt, sandstone and other monumental or building stone, whether or not roughly trimmed or merely cut, by sawing or otherwise, into blocks or slabs of a rectangular (including square) shape",2.50%,2.50%,5%,
I,125,2517,Granite crude or roughly trimmed,2.50%,2.50%,5%,
I,126,2517,"Pebbles, gravel, broken or crushed stone, of a kind commonly used for concrete aggregates, for road metalling or for railway or other ballast, shingle and flint",2.50%,2.50%,5%,
I,127,2518,"Dolomite, whether or not calcined or sintered, including dolomite roughly trimmed or merely cut, by sawing or otherwise, into blocks or slabs of a rectangular (including square) shape",2.50%,2.50%,5%,
I,128,2519,Natural magnesium carbonate (magnesite); fused magnesia; dead-burned (sintered) magnesia,2.50%,2.50%,5%,
I,129,2520,Gypsum; anhydrite; plasters (consisting of calcined gypsum or calcium sulphate) whether or not coloured,2.50%,2.50%,5%,
I,130,2521,"Limestone flux; limestone and other calcareous stone, of a kind used for the manufacture of lime or cement",2.50%,2.50%,5%,
I,131,2522,"Quicklime, slaked lime and hydraulic lime, other than calcium oxide and hydroxide of heading 2825",2.50%,2.50%,5%,
I,132,2524,Asbestos,2.50%,2.50%,5%,
I,133,2525,"Mica, including splitting; mica waste",2.50%,2.50%,5%,
I,134,2526,"Natural steatite, whether or not roughly trimmed or merely cut, by sawing or otherwise, into blocks or slabs of a rectangular (including square) shape; talc",2.50%,2.50%,5%,
I,135,2528,"Natural borates and concentrates thereof (whether or not calcined), but not including borates separated from natural brine; natural boric acid containing not more than 85% of H3BO3 (calculated on dry weight)",2.50%,2.50%,5%,
I,136,2529,"Feldspar; leucite, nepheline and nepheline syenite; fluorspar",2.50%,2.50%,5%,
I,137,2530,Mineral substances not elsewhere specified or included,2.50%,2.50%,5%,
I,149,2611,Tungsten ores and concentrates,2.50%,2.50%,5%,
I,150,2612,Uranium or thorium ores and concentrates,2.50%,2.50%,5%,
I,151,2613,Molybdenum ores and concentrates,2.50%,2.50%,5%,
I,152,2614,Titanium ores and concentrates,2.50%,2.50%,5%,
I,153,2615,"Niobium, tantalum, vanadium or zirconium ores and concentrates",2.50%,2.50%,5%,
I,154,2616,Precious metal ores and concentrates,2.50%,2.50%,5%,
I,155,2617,Other ores and concentrates,2.50%,2.50%,5%,
I,156,2618,Granulated slag (slag sand) from the manufacture of iron or steel,2.50%,2.50%,5%,
I,156A,2621,Fly Ash,2.50%,2.50%,5%,
I,157,27,Bio-gas,2.50%,2.50%,5%,
I,158,2701,"Coal; briquettes, ovoids and similar solid fuels manufactured from coal",2.50%,2.50%,5%,
I,159,2702,"Lignite, whether or not agglomerated, excluding jet",2.50%,2.50%,5%,
I,160,2703,"Peat (including peat litter), whether or not agglomerated",2.50%,2.50%,5%,
I,161,2704,"Coke and semi coke of coal, of lignite or of peat, whether or not agglomerated; retort carbon",2.50%,2.50%,5%,
I,162,2705,"Coal gas, water gas, producer gas and similar gases, other than petroleum gases and other gaseous hydrocarbons",2.50%,2.50%,5%,
I,164,2710,"(a) kerosene oil PDS, (b) bunker fuels for use in ships or vessels",2.50%,2.50%,5%,
I,165A,2711 12 00,"Liquefied Propane and Butane mixture, Liquefied Propane, Liquefied Butane and Liquefied Petroleum Gases (LPG) for supply to non-domestic exempted category (NDEC) customers by the Indian Oil Corporation Limited, Hindustan Petroleum Corporation Limited or Bharat Petroleum Corporation Limited",2.50%,2.50%,5%,
I,166,28,Thorium oxalate,2.50%,2.50%,5%,
I,167,28,Enriched KB4F (enriched potassium fluroborate),2.50%,2.50%,5%,
I,168,28,Enriched elemental boron,2.50%,2.50%,5%,
I,169,28,Nuclear fuel,2.50%,2.50%,5%,
I,170,2805 11,Nuclear grade sodium,2.50%,2.50%,5%,
I,170A,2809,Fertilizer grade phosphoric acid,2.50%,2.50%,5%,
I,171,2845,Heavy water and other nuclear fuels,2.50%,2.50%,5%,
I,172,2853,Compressed air,2.50%,2.50%,5%,
I,173,30,Insulin,2.50%,2.50%,5%,
I,174,"3002, 3006",Animal or Human Blood Vaccines,2.50%,2.50%,5%,
I,175,30,Diagnostic kits for detection of all types of hepatitis,2.50%,2.50%,5%,
I,176,30,Desferrioxamine injection or deferiprone,2.50%,2.50%,5%,
I,177,30,Cyclosporin,2.50%,2.50%,5%,
I,178,30,Medicaments (including veterinary medicaments) used in bio-chemic systems and not bearing a brand name,2.50%,2.50%,5%,
I,179,30,Oral re-hydration salts,2.50%,2.50%,5%,
I,180,30 or any Chapter,"Drugs or medicines including their salts and esters and diagnostic test kits, specified in List 1 appended to this Schedule",2.50%,2.50%,5%,
I,181,30,Formulations manufactured from the bulk drugs specified in List 2 appended to this Schedule,2.50%,2.50%,5%,
I,181A,30,"Medicaments (including those used in Ayurvedic, Unani, Siddha, Homeopathic or Bio-chemic systems), manufactured exclusively in accordance with the formulae described in the authoritative books specified in the First Schedule to the Drugs and Cosmetics Act, 1940",2.50%,2.50%,5%,
I,181B,3006,"Ostomy appliances including pouch or flange, stoma adhesive paste, barrier cream, irrigator kit, sleeves, belt, micro-pore tapes",2.50%,2.50%,5%,
I,182,3101,All goods i.e. animal or vegetable fertilisers or organic fertilisers pre-packaged and labelled,2.50%,2.50%,5%,
I,182A,3102,"Mineral or chemical fertilisers, nitrogenous, other than those which are clearly not to be used as fertilizers",2.50%,2.50%,5%,
I,182B,3103,"Mineral or chemical fertilisers, phosphatic, other than those which are clearly not to be used as fertilizers",2.50%,2.50%,5%,
I,182C,3104,"Mineral or chemical fertilisers, potassic, other than those which are clearly not to be used as fertilizers",2.50%,2.50%,5%,
I,182D,3105,"Mineral or chemical fertilisers containing two or three of the fertilising elements nitrogen, phosphorus and potassium",2.50%,2.50%,5%,
I,183,32,"Wattle extract, quebracho extract, chestnut extract",2.50%,2.50%,5%,
I,184,3202,Enzymatic preparations for pre-tanning,2.50%,2.50%,5%,
I,185,3307 41 00,"Agarbatti, lobhan, dhoop batti, dhoop, sambraani",2.50%,2.50%,5%,
I,186,3402,"Sulphonated castor oil, fish oil or sperm oil",2.50%,2.50%,5%,
I,186A,3816,Dolomite ramming mix,2.50%,2.50%,5%,
I,186B,386,Bio-diesel supplied to Oil Marketing Companies for blending with High Speed Diesel,2.50%,2.50%,5%,
I,188,4001,"Natural rubber, balata, gutta-percha, guayule, chicle and similar natural gums, in primary forms or in plates, sheets or strip",2.50%,2.50%,5%,
I,188A,4004 00 00,"Waste, parings or scrap of rubber (other than hard rubber)",2.50%,2.50%,5%,
I,189,4011 30 00,"New pneumatic tyres, of rubber of a kind used on aircraft",2.50%,2.50%,5%,
I,190,"4011, 4013","Pneumatic tyres or inner tubes, of rubber, of a kind used on / in bicycles, cycle-rickshaws and three wheeled powered cycle rickshaws",2.50%,2.50%,5%,
I,191,4016,Erasers,2.50%,2.50%,5%,
I,191A,4017,Waste or scrap of hard rubber,2.50%,2.50%,5%,
I,192,4101,"Raw hides and skins of bovine (including buffalo) or equine animals (fresh, or salted, dried, limed, pickled or otherwise preserved, but not tanned, parchment-dressed or further prepared)",2.50%,2.50%,5%,
I,193,4102,"Raw skins of sheep or lambs (fresh, or salted, dried, limed, pickled or otherwise preserved, but not tanned, parchment-dressed or further prepared)",2.50%,2.50%,5%,
I,194,4103,"Other raw hides and skins (fresh, or salted, dried, limed, pickled or otherwise preserved, but not tanned, parchment-dressed or further prepared)",2.50%,2.50%,5%,
I,195,4104,"Tanned or crust hides and skins of bovine (including buffalo) or equine animals, without hair on, whether or not split, but not further prepared",2.50%,2.50%,5%,
I,196,4105,"Tanned or crust skins of sheep or lambs, without wool on, whether or not split, but not further prepared",2.50%,2.50%,5%,
I,197,4106,"Tanned or crust hides and skins of other animals, without wool or hair on, whether or not split, but not further prepared",2.50%,2.50%,5%,
II,11,"0402 91 10, 0402 99 20",Condensed milk,6%,6%,12%,
II,12,405,"Butter and other fats (i.e. ghee, butter oil, etc.) and oils derived from milk; dairy spreads",6%,6%,12%,
II,13,406,Cheese,6%,6%,12%,
II,16,804,"Dates (soft or hard), figs, pineapples, avocados, guavas, mangoes (other than mangoes sliced, dried) and mangosteens, dried",6%,6%,12%,
II,18,1108,Starches; inulin,6%,6%,12%,
II,32A,"1701 91, 1701 99","All goods, including refined sugar containing added flavouring or colouring matter, sugar cubes",6%,6%,12%,
II,32AA,1704,Sugar boiled confectionery,6%,6%,12%,
II,32B,1902,"Pasta, whether or not cooked or stuffed (with meat or other substances) or otherwise prepared",6%,6%,12%,
II,33,2001,"Vegetables, fruit, nuts and other edible parts of plants, prepared or preserved by vinegar or acetic acid",6%,6%,12%,
II,34,2002,Tomatoes prepared or preserved otherwise than by vinegar or acetic acid,6%,6%,12%,
II,36,2004,"Other vegetables prepared or preserved otherwise than by vinegar or acetic acid, frozen, other than products of heading 2006",6%,6%,12%,
II,39,2007,"Jams, fruit jellies, marmalades, fruit or nut purée and fruit or nut pastes, obtained by cooking, whether or not containing added sugar or other sweetening matter",6%,6%,12%,
II,40,2008,"Fruit, nuts and other edible parts of plants, otherwise prepared or preserved, whether or not containing added sugar or other sweetening matter",6%,6%,12%,
II,41,2009,"Fruit or nut juices (including grape must) and vegetable juices, unfermented and not containing added spirit",6%,6%,12%,
II,42,2101 30,Roasted chicory and other roasted coffee substitutes,6%,6%,12%,
II,44,2103,"All goods, including Sauces and preparations therefor, mixed condiments and mixed seasonings; mustard flour and meal and prepared mustard, Curry paste, mayonnaise and salad dressings",6%,6%,12%,
II,45,2106,"Texturised vegetable proteins (soya bari), Bari made of pulses including mungodi and batters",6%,6%,12%,
II,46,210690,"Namkeens, bhujia, mixture, chabena and similar edible preparations in ready for consumption form [other than roasted gram] pre-packaged and labelled",6%,6%,12%,
II,46A,2106 90 91,Diabetic foods,6%,6%,12%,
II,46B,2201,Drinking water packed in 20 litre bottles,6%,6%,12%,
II,47,2202 99 10,Soya milk drinks,6%,6%,12%,
II,48,2202 99 20,Fruit pulp or fruit juice based drinks [other than Carbonated Beverages of Fruit Drink or Carbonated Beverages with Fruit Juice],6%,6%,12%,
II,50,2202 99 30,Beverages containing milk,6%,6%,12%,
II,51,2515 1210,Marble and travertine blocks,6%,6%,12%,
II,52,2516,Granite blocks,6%,6%,12%,
II,53,28,Anaesthetics,6%,6%,12%,
II,54,28,Potassium Iodate,6%,6%,12%,
II,55,28,Steam,6%,6%,12%,
II,57,2801 20,Iodine,6%,6%,12%,
II,57A,2804 40 10,Medical grade oxygen,6%,6%,12%,
II,58,2847,Medicinal grade hydrogen peroxide,6%,6%,12%,
II,59,29 or 3808 93,Gibberellic acid,6%,6%,12%,
II,60,3001,"Glands and other organs for organo-therapeutic uses, dried",6%,6%,12%,
II,61,3002,"Animal blood prepared for therapeutic, prophylactic or diagnostic uses",6%,6%,12%,
II,62,3003,"Medicaments (excluding goods of heading 30.02, 30.05 or 30.06) consisting of two or more constituents which have been mixed together for therapeutic or prophylactic uses, not put up in measured doses",6%,6%,12%,
II,63,3004,"Medicaments (excluding goods of heading 30.02, 30.05 or 30.06) consisting of mixed or unmixed products for therapeutic or prophylactic uses, put up in measured doses",6%,6%,12%,
II,64,3005,"Wadding, gauze, bandages and similar articles (for example, dressings, adhesive plasters, poultices)",6%,6%,12%,
II,65,3006,"Pharmaceutical goods specified in Note 4 to this Chapter [i.e. Sterile surgical catgut, similar sterile suture materials, sterile laminaria and sterile laminaria stents, sterile absorbable surgical or dental haemostatics, sterile surgical or denatal adhesion barriers, whether or not absorbable; Waste Pharmaceuticals]",6%,6%,12%,
II,75A,3605 00 10,All goods,6%,6%,12%,
II,76,3701,Photographic plates and film for x-ray for medical use,6%,6%,12%,
II,77,3705,"Photographic plates and films, exposed and developed, other than cinematographic film",6%,6%,12%,
II,78,3706,"Photographic plates and films, exposed and developed, whether or not incorporating sound track",6%,6%,12%,
II,78A,3808,"Bio-pesticides [Bacillus thuringiensis varieties, Trichoderma, Beauveria, Pseudomonas, NPV, Neem based pesticides, Cymbopogan]",6%,6%,12%,
II,80,3822,All diagnostic kits and reagents,6%,6%,12%,
II,80A,3826,Bio-diesel (other than bio-diesel supplied to Oil Marketing Companies for blending with High Speed Diesel),6%,6%,12%,
II,82,3926,Plastic beads,6%,6%,12%,
II,85,4015,Surgical rubber gloves or medical examination rubber gloves,6%,6%,12%,
II,85A,4016,Rubber bands,6%,6%,12%,
II,89,4202 22 20,"Hand bags and shopping bags, of cotton",6%,6%,12%,
II,90,4202 22 30,"Hand bags and shopping bags, of jute",6%,6%,12%,
II,91,4203,Gloves specially designed for use in sports,6%,6%,12%,
II,92A,"44, 68, 83","Idols of wood, stone [including marble] and metals [other than those made of precious metals]",6%,6%,12%,
II,93,4404,"Hoopwood; split poles; piles, pickets and stakes of wood, pointed but not sawn lengthwise; wooden sticks, roughly trimmed",6%,6%,12%,
II,94,4405,Wood wool; wood flour,6%,6%,12%,
II,95,4406,Railway or tramway sleepers (cross-ties) of wood,6%,6%,12%,
II,96,4408,"Sheets for veneering (including those obtained by slicing laminated wood), for plywood or for similar laminated wood and other wood, sawn lengthwise",6%,6%,12%,
II,96A,4409,Bamboo flooring,6%,6%,12%,
II,97,4415,"Packing cases, boxes, crates, drums and similar packings, of wood",6%,6%,12%,
II,98,4416,"Casks, barrels, vats, tubs and other coopers' products and parts thereof, of wood, including staves",6%,6%,12%,
II,99,4417,"Tools, tool bodies, tool handles, broom or brush bodies and handles of wood",6%,6%,12%,
II,204,8525 60,"Two-way radio (Walkie talkie) used by defence, police and paramilitary forces etc.",6%,6%,12%,
II,206A,87,Fuel Cell Motor Vehicles,6%,6%,12%,
II,207,8701,Tractors (except road tractors for semi-trailers of engine capacity more than 1800 cc),6%,6%,12%,
II,207A,8710,"Tanks and other armoured fighting vehicles, motorised",6%,6%,12%,
II,208,8712,"Bicycles and other cycles (including delivery tricycles), not motorised",6%,6%,12%,
II,209,8714,"Parts and accessories of bicycles and other cycles (including delivery tricycles), not motorised",6%,6%,12%,
II,234B,8504,Charger or charging station for Electrically operated vehicles,6%,6%,12%,
II,253,90,Coronary stents and coronary stent systems for use with cardiac catheters,6%,6%,12%,
II,254,90 or any other Chapter,Artificial kidney,6%,6%,12%,
II,255,90 or 84,Disposable sterilized dialyzer or micro barrier of artificial kidney,6%,6%,12%,
II,255A,9021,"Orthopaedic appliances, such as crutches, surgical belts, and trusses; Splints and other fracture appliances; artificial parts of the body",6%,6%,12%,
II,257A,9404,Cotton quilts of sale value not exceeding Rs. 1000 per piece,6%,6%,12%,
II,257B,9401 10 00,Aircraft seats,6%,6%,12%,
II,258,9405,Kerosene pressure lantern,6%,6%,12%,
II,259A,9503,Toy ballons made of natural rubber latex,6%,6%,12%,
II,259B,9507,Fishing hooks,6%,6%,12%,
II,259C,9601,Worked corals other than articles of coral,6%,6%,12%,
II,260,9603 other than 9603 10 00,"Broomsticks [other than brooms consisting of twigs or other vegetable materials bound together, with or without handles]",6%,6%,12%,
II,261,9704,"Postage or revenue stamps, stamp-postmarks, first-day covers, postal stationery (stamped paper), and the like",6%,6%,12%,
II,262,9705,Numismatic coins,6%,6%,12%,
II,263,9804,Drugs or medicines including their salts and esters and diagnostic test kits,6%,6%,12%,
II,263A,Any Chapter,"Rosaries, prayer beads or Hawan samagri",6%,6%,12%,
III,1,1107,"Malt, whether or not roasted",9%,9%,18%,
III,2,1302,"Vegetable saps and extracts; pectic substances, pectinates and pectates; agar-agar and other mucilages and thickeners",9%,9%,18%,
III,3,1404 90 10,Bidi wrapper leaves (tendu),9%,9%,18%,
III,4,1404 90 50,Indian katha,9%,9%,18%,
III,5,1517 10,"All goods i.e. Margarine, Linoxyn",9%,9%,18%,
III,6,1520 00 00,"Glycerol, crude; glycerol waters and glycerol lyes",9%,9%,18%,
III,7,1521,"Vegetable waxes (other than triglycerides), Beeswax, other insect waxes and spermaceti",9%,9%,18%,
III,11,1702,"Glucose-sugars, including chemically pure lactose, maltose, glucose and fructose, in solid form; sugar syrups not containing added flavouring or colouring material",9%,9%,18%,
III,12A,1804,"Cocoa butter, fat and oil",9%,9%,18%,
III,12B,1805,"Cocoa powder, not containing added sugar or sweetening matter",9%,9%,18%,
III,12C,1806,Chocolates and other food preparations containing cocoa,9%,9%,18%,
III,15,1904 [other than 1904 10 20],"All goods i.e. Corn flakes, bulgar wheat, prepared foods obtained from cereal flakes [other than Puffed rice, Muri, Chira, parched rice, khoi, parched paddy or rice coated with sugar or gur, Murki]",9%,9%,18%,
III,16,1905,"Pastry, cakes, biscuits and other bakers' wares, whether or not containing cocoa",9%,9%,18%,
III,21,2104,Soups and broths and preparations therefor; homogenised composite food preparations,9%,9%,18%,
III,22,2105 00 00,"Ice cream and other edible ice, whether or not containing cocoa",9%,9%,18%,
III,23,2106,"Food preparations not elsewhere specified or included [other than roasted gram, sweetmeats, batters including idli/dosa batter, namkeens, bhujia, mixture, chabena and similar edible preparations in ready for consumption form]",9%,9%,18%,
III,24,2201,"Waters, including natural or artificial mineral waters and aerated waters, not containing added sugar or other sweetening matter nor flavoured other than Drinking water packed in 20 litre bottles",9%,9%,18%,
III,24A,"2202 91 00, 2202 99 90",Other non-alcoholic beverages [other than tender coconut water and caffeinated beverages],9%,9%,18%,
III,25,2207,"Ethyl alcohol and other spirits, denatured, of any strength [other than ethyl alcohol supplied to Oil Marketing Companies or Petroleum refineries for blending with motor spirit (petrol)]",9%,9%,18%,
III,26,2209,Vinegar and substitutes for vinegar obtained from acetic acid,9%,9%,18%,
III,26A,2404 12 00,Products containing nicotine and intended for inhalation without combustion,9%,9%,18%,
III,26B,"2404 91 00, 2404 92 00, 2404 99 00","Products for oral application or transdermal application, containing nicotine and intended to assist tobacco use cessation",9%,9%,18%,
III,26C,"2515 12 20, 2515 12 90","Marble and travertine, other than blocks",9%,9%,18%,
III,26D,2516 12 00,"Granite, other than blocks",9%,9%,18%,
III,26E,2601,"Iron ores and concentrates, including roasted iron pyrites",9%,9%,18%,
III,26F,2602,"Manganese ores and concentrates, including ferruginous manganese ores and concentrates with a manganese content of 20% or more",9%,9%,18%,
III,26G,2603,Copper ores and concentrates,9%,9%,18%,
III,26H,2604,Nickel ores and concentrates,9%,9%,18%,
III,26I,2605,Cobalt ores and concentrates,9%,9%,18%,
III,26J,2606,Aluminium ores and concentrates,9%,9%,18%,
III,26K,2607,Lead ores and concentrates,9%,9%,18%,
III,26L,2608,Zinc ores and concentrates,9%,9%,18%,
III,26M,2609,Tin ores and concentrates,9%,9%,18%,
III,26N,2610,Chromium ores and concentrates,9%,9%,18%,
III,33,2710,"Petroleum oils and oils obtained from bituminous minerals, other than petroleum crude; preparations not elsewhere specified or included, waste oils [other than kerosene PDS, petrol, diesel and ATF]",9%,9%,18%,
III,34,2711,"Petroleum gases and other gaseous hydrocarbons, such as Propane, Butanes, Ethylene, propylene, butylene and butadiene [Other than Liquefied Propane and Butane mixture, Liquefied Propane, Liquefied Butane and Liquefied Petroleum Gases (LPG) for supply to household domestic consumers or to non-domestic exempted category (NDEC) customers]",9%,9%,18%,
III,39,28,All inorganic chemicals [other than those specified in the Schedule for exempted goods or other Rate Schedules for goods including Fertilizer grade Phosphoric acid],9%,9%,18%,
III,40,29,All organic chemicals other than gibberellic acid,9%,9%,18%,
III,100,3901 to 3913,"All goods i.e. polymers; Polyacetals, other polyethers, epoxide resins, polycarbonates, alkyd resins, polyallyl esters, other polyesters; polyamides; Amino-resins, phenolic resins and polyurethanes; silicones; Petroleum resins, coumarone-indene resins, polyterpenes, polysulphides, polysulphones and other products",9%,9%,18%,
III,200,8452,Sewing Machines,9%,9%,18%,
III,399,8609,Containers (including containers for the transport of fluids) specially designed and equipped for carriage by one or more modes of transport [including refrigerated containers],9%,9%,18%,
III,400,8703,"Following motor vehicles of length not exceeding 4000 mm: (a) Petrol, Liquefied petroleum gases (LPG) or compressed natural gas (CNG) driven vehicles of engine capacity not exceeding 1200cc; and (b) Diesel driven vehicles of engine capacity not exceeding 1500 cc for persons with orthopedic physical disability",9%,9%,18%,
III,451,9801,"All items of machinery including prime movers, instruments, apparatus and appliances, control gear and transmission equipment, auxiliary equipment including those required for research and development purposes, testing and quality control",9%,9%,18%,
III,452,9802,Laboratory chemicals,9%,9%,18%,
III,453,Any Chapter,"Goods which are not specified in Schedule I, II, IV, V or VI",9%,9%,18%,
IV,1,1703,Molasses,14%,14%,28%,
IV,10,2106 90 20,Pan masala,14%,14%,28%,
IV,12,2202 10,"All goods [including aerated waters], containing added sugar or other sweetening matter or flavoured",14%,14%,28%,
IV,12A,2202 99 90,Caffeinated Beverages,14%,14%,28%,
IV,12B,2202,Carbonated Beverages of Fruit Drink or Carbonated Beverages with Fruit Juice,14%,14%,28%,
IV,13,2401,Unmanufactured tobacco; tobacco refuse [other than tobacco leaves],14%,14%,28%,
IV,14,2402,"Cigars, cheroots, cigarillos and cigarettes, of tobacco or of tobacco substitutes",14%,14%,28%,
IV,15,2403,Other manufactured tobacco and manufactured tobacco substitutes; 'homogenised' or 'reconstituted' tobacco; tobacco extracts and essences [including biris],14%,14%,28%,
IV,18,2523,"Portland cement, aluminous cement, slag cement, super sulphate cement and similar hydraulic cements",14%,14%,28%,
IV,46,4011,"New pneumatic tyres, of rubber [other than of a kind used on/in bicycles, cycle-rickshaws and three wheeled powered cycle rickshaws; rear tractor tyres; and of a kind used on aircraft]",14%,14%,28%,
IV,114,8407,Spark-ignition reciprocating or rotary internal combustion piston engine [other than aircraft engines],14%,14%,28%,
IV,115,8408,Compression-ignition internal combustion piston engines (diesel or semi-diesel engines),14%,14%,28%,
IV,116,8409,Parts suitable for use solely or principally with the engines of heading 8407 or 8408,14%,14%,28%,
IV,117,8413,Pumps for dispensing fuel or lubricants of the type used in filling stations or garages,14%,14%,28%,
IV,119,8415,"Air-conditioning machines, comprising a motor-driven fan and elements for changing the temperature and humidity",14%,14%,28%,
IV,122,8422,"Dish washing machines, household [8422 11 00] and other [8422 19 00]",14%,14%,28%,
IV,139,8507,"Electric accumulators, including separators therefor, whether or not rectangular (including square) other than Lithiumion battery and other Lithium-ion accumulators including Lithium-ion power banks",14%,14%,28%,
IV,143,8511,Electrical ignition or starting equipment of a kind used for spark-ignition or compression-ignition internal combustion engines,14%,14%,28%,
IV,154,8528,"Monitors and projectors, not incorporating television reception apparatus; reception apparatus for television",14%,14%,28%,
IV,163A,8701,Road tractors for semi-trailers of engine capacity more than 1800 cc,14%,14%,28%,
IV,164,8702,"Motor vehicles for the transport of ten or more persons, including the driver [other than buses for use in public transport, which exclusively run on Bio-fuels]",14%,14%,28%,
IV,165,8703,"Motor cars and other motor vehicles principally designed for the transport of persons (other than those of heading 8702), including station wagons and racing cars [other than Cars for physically handicapped persons]",14%,14%,28%,
IV,166,8704,Motor vehicles for the transport of goods [other than Refrigerated motor vehicles],14%,14%,28%,
IV,168,8706,"Chassis fitted with engines, for the motor vehicles of headings 8701 to 8705",14%,14%,28%,
IV,169,8707,"Bodies (including cabs), for the motor vehicles of headings 8701 to 8705",14%,14%,28%,
IV,170,8708,Parts and accessories of the motor vehicles of headings 8701 to 8705 [other than specified parts of tractors],14%,14%,28%,
IV,173,8711,"Motorcycles (including mopeds) and cycles fitted with an auxiliary motor, with or without side-cars; side-cars",14%,14%,28%,
IV,174,8714,Parts and accessories of vehicles of heading 8711,14%,14%,28%,
IV,176,8802 or 8806,Aircrafts for personal use,14%,14%,28%,
IV,177,8903,Yachts and other vessels for pleasure or sports; rowing boats and canoes,14%,14%,28%,
IV,210,9302,"Revolvers and pistols, other than those of heading 9303 or 9304",14%,14%,28%,
IV,222,9614,"Smoking pipes (including pipe bowls) and cigar or cigarette holders, and parts thereof",14%,14%,28%,
IV,227,9804,All dutiable articles intended for personal use,14%,14%,28%,
IV,228,Any chapter,Lottery,14%,14%,28%,
IV,229,Any Chapter,"Actionable claim in the form of chance to win in betting, gambling, or horse racing in race club",14%,14%,28%,
V,1,7101,"Pearls, natural or cultured, whether or not worked or graded but not strung, mounted or set; pearls, natural or cultured, temporarily strung for convenience of transport",1.50%,1.50%,3%,
V,5,7105,Dust and powder of natural or synthetic precious or semi-precious stones,1.50%,1.50%,3%,
V,6,7106,"Silver (including silver plated with gold or platinum), unwrought or in semi-manufactured forms, or in powder form",1.50%,1.50%,3%,
V,7,7107,"Base metals clad with silver, not further worked than semi-manufactured",1.50%,1.50%,3%,
V,8,7108,"Gold (including gold plated with platinum) unwrought or in semi-manufactured forms, or in powder form",1.50%,1.50%,3%,
V,9,7109,"Base metals or silver, clad with gold, not further worked than semi-manufactured",1.50%,1.50%,3%,
V,10,7110,"Platinum, unwrought or in semi-manufactured forms, or in powder form",1.50%,1.50%,3%,
V,11,7111,"Base metals, silver or gold, clad with platinum, not further worked than semi-manufactured",1.50%,1.50%,3%,
V,12,7112,Waste and scrap of precious metal or of metal clad with precious metal; other waste and scrap containing precious metal,1.50%,1.50%,3%,
V,13,7113,"Articles of jewellery and parts thereof, of precious metal or [of metal clad with precious metal]",1.50%,1.50%,3%,
V,14,7114,"Articles of goldsmiths' or silversmiths' wares and parts thereof, of precious metal or of metal clad with precious metal",1.50%,1.50%,3%,
V,15,7115,Other articles of precious metal or of metal clad with precious metal,1.50%,1.50%,3%,
V,16,7116,"Articles of natural or cultured pearls, precious or semi-precious stones (natural, synthetic or reconstructed)",1.50%,1.50%,3%,
V,17,7117,Imitation jewellery [other than bangles of lac/shellac],1.50%,1.50%,3%,
V,18,7118,Coin,1.50%,1.50%,3%,
V,26*,7113 11 10,Silver filigree work,1.50%,1.50%,3%,
V,27*,7117,"Handmade imitation jewellery (including natural seeds, beads jewelry, cardamom garland)",1.50%,1.50%,3%,
VI,1,7102,"Rough diamonds or simply sawn diamonds, industrial or non-industrial",0.13%,0.13%,0.25%,
VI,2,7103,"Precious stones (other than diamonds) and semi-precious stones, whether or not worked or graded but not strung, mounted or set; ungraded precious stones (other than diamonds) and semi-precious stones, temporarily strung for convenience of transport",0.13%,0.13%,0.25%,
VI,3,7104,"Synthetic or reconstructed precious or semiprecious stones [other than diamonds], whether or not worked or graded but not strung, mounted or set; ungraded synthetic or reconstructed precious or semiprecious stones [other than diamonds], temporarily strung for convenience of transport; synthetic or reconstructed diamonds, unworked or simply sawn or roughly shaped",0.13%,0.13%,0.25%,
VII,1,7102,Goods other than those specified against S. No. 1 in Schedule VI,0.75%,0.75%,1.50%,
VII,2,7104,Goods other than those specified against S. No. 3 in Schedule VI,0.75%,0.75%,1.50%,
Nil rate,1,101,"Live asses, mules and hinnies",0,0,0,
Nil rate,2,102,Live bovine animals,0,0,0,
Nil rate,3,103,Live swine,0,0,0,
Nil rate,4,104,Live sheep and goats,0,0,0,
Nil rate,5,105,"Live poultry, that is to say, fowls of the species Gallus domesticus, ducks, geese, turkeys and guinea fowls",0,0,0,
Nil rate,6,106,"Other live animal such as Mammals, Birds, Insects",0,0,0,
Nil rate,7,201,"Meat of bovine animals, fresh and chilled",0,0,0,
Nil rate,8,"0203, 0204, 0205, 0206, 0207, 0208, 0209","All goods, fresh or chilled",0,0,0,
Nil rate,18,3,"Fish seeds, prawn / shrimp seeds whether or not processed, frozen",0,0,0,
Nil rate,19,301,Live fish,0,0,0,
Nil rate,20,302,"Fish, fresh or chilled, excluding fish fillets and other fish meat of heading 0304",0,0,0,
Nil rate,25,401,"Fresh milk and pasteurised milk, including separated milk, milk and cream, not concentrated nor containing added sugar or other sweetening matter, excluding Ultra High Temperature (UHT) milk",0,0,0,
Nil rate,26,403,"Curd, Lassi, Butter milk, other than pre-packaged and labelled",0,0,0,
Nil rate,27,406,"Chena or paneer, other than pre-packaged and labelled",0,0,0,
Nil rate,28,407,"Birds' eggs, in shell, fresh, preserved or cooked",0,0,0,
Nil rate,29,409,"Natural honey, other than pre-packaged and labelled",0,0,0,
Nil rate,35,701,"Potatoes, fresh or chilled",0,0,0,
Nil rate,36,702,"Tomatoes, fresh or chilled",0,0,0,
Nil rate,37,703,"Onions, shallots, garlic, leeks and other alliaceous vegetables, fresh or chilled",0,0,0,
Nil rate,50,803,"Bananas, including plantains, fresh or dried",0,0,0,
Nil rate,51,804,"Dates, figs, pineapples, avocados, guavas, mangoes and mangosteens, fresh",0,0,0,
Nil rate,59,"7, 9 or 10",All goods of seed quality,0,0,0,
Nil rate,60,901,"Coffee beans, not roasted",0,0,0,
Nil rate,61,902,Unprocessed green leaves of tea,0,0,0,
Nil rate,64,0910 30 10,"Fresh turmeric, other than in processed form",0,0,0,
Nil rate,65,1001,Wheat and meslin other than pre-packaged and labelled,0,0,0,
Nil rate,70,1006,Rice other than pre-packaged and labelled,0,0,0,
Nil rate,80,1201,"Soya beans, whether or not broken, of seed quality",0,0,0,
Nil rate,94,1701 or 1702,"(i)Jaggery of all types including Cane Jaggery (gur),Palmyra Jaggery, other than pre-packaged and labelled.; (ii) Khandsari Sugar, other than pre-packaged and labelled; (iii) Rab, other than pre-packaged and labelled",0,0,0,
Nil rate,103,2501,"Salt (including table salt and denatured salt) and pure sodium chloride, whether or not in aqueous solutions or containing added anti-caking or free flowing agents; sea water",0,0,0,
Nil rate,104,2716 00 00,Electrical energy,0,0,0,
Nil rate,106,3002,Human Blood and its components,0,0,0,
Nil rate,107,3006,All types of contraceptives,0,0,0,
Nil rate,108,3101,All goods and organic manure other than pre-packaged and labelled,0,0,0,
Nil rate,111,3825,"Municipal waste, sewage sludge, clinical waste",0,0,0,
Nil rate,112,3926,Plastic bangles,0,0,0,
Nil rate,113,4014,Condoms and contraceptives,0,0,0,
Nil rate,114,4401,Firewood or fuel wood,0,0,0,
Nil rate,115,4902,"Newspapers, journals and periodicals, whether or not illustrated or containing advertising material",0,0,0,
Nil rate,119,4901,"Printed books, including Braille books",0,0,0,
Nil rate,121,4903,"Children's picture, drawing or colouring books",0,0,0,
Nil rate,125,5001,"Silkworm laying, cocoon",0,0,0,
Nil rate,126,5002,Raw silk,0,0,0,
Nil rate,128,5103,Waste of wool or of fine or coarse animal hair,0,0,0,
Nil rate,129,52,Gandhi Topi,0,0,0,
Nil rate,130,52,Khadi yarn,0,0,0,
Nil rate,131,5303,"Jute fibres, raw or processed but not spun",0,0,0,
Nil rate,132,5305,Coconut coir fibre,0,0,0,
Nil rate,133,63,Indian National Flag,0,0,0,
Nil rate,135,6912 00 40,Earthen pot and clay lamps,0,0,0,
Nil rate,135A,69,Idols made of clay,0,0,0,
Nil rate,136,7018,Glass bangles (except those made from precious metals),0,0,0,
Nil rate,142,9021,Hearing aids,0,0,0,
Nil rate,145,9609,Slate pencils and chalk sticks,0,0,0,
Nil rate,146,9610 00 00,Slates,0,0,0,
Nil rate,149,-,"Supply of lottery by any person other than State Government, Union Territory or Local authority subject to certain conditions",0,0,0,
Compensation Cess,1,2106 90 20,Pan-masala,,,,0.32R per unit
Compensation Cess,2,2202 10 10,Aerated waters,,,,12%
Compensation Cess,3,2202 10 20,Lemonade,,,,12%
Compensation Cess,5,2401,Unmanufactured tobacco (without lime tube) - bearing a brand name,,,,0.36R per unit
Compensation Cess,8,2402 10 10,Cigar and cheroots,,,,"21% or Rs. 4170 per thousand, whichever is higher"
Compensation Cess,10,2402 20 10,"Cigarettes containing tobacco other than filter cigarettes, of length not exceeding 65 millimetres",,,,5% + Rs.2076 per thousand
Compensation Cess,12,2402 20 30,"Filter cigarettes of length (including the length of the filter, the length of the filter being 11 millimetres or its actual length, whichever is more) not exceeding 65 millimetres",,,,5% + Rs.2076 per thousand
Compensation Cess,39,2701,"Coal; briquettes, ovoids and similar solid fuels manufactured from coal",,,,Rs.400 per tonne
Compensation Cess,42,"8702 10, 8702 20, 8702 30, 8702 90","Motor vehicles for the transport of not more than 13 persons, including the driver, other than the vehicles mentioned in S. No. 50 and 51",,,,15%
Compensation Cess,44,"8703 10, 8703 80","Electrically operated vehicles, including three wheeled electric motor vehicles",,,,NIL
Compensation Cess,45,8703,Three wheeled vehicles,,,,NIL
Compensation Cess,50,"8702, 8703 21 or 8703 22","Petrol, Liquefied petroleum gases (LPG) or compressed natural gas (CNG) driven motor vehicles of engine capacity not exceeding 1200cc and of length not exceeding 4000 mm",,,,1%
Compensation Cess,51,"8702, 8703 31",Diesel driven motor vehicles of engine capacity not exceeding 1500 cc and of length not exceeding 4000 mm,,,,3%
Compensation Cess,52,[8703,Motor vehicles of engine capacity not exceeding 1500 cc,,,,17%
Compensation Cess,52A,8703,Motor vehicles of engine capacity exceeding 1500 cc other than motor vehicles specified against entry at S. No 52B,,,,20%
Compensation Cess,52B,8703,"Motor vehicles of engine capacity exceeding 1500 cc, popularly known as Sports Utility Vehicles (SUVs) including utility vehicles",,,,22%
Compensation Cess,53,8711,Motorcycles of engine capacity exceeding 350 cc,,,,3%
Compensation Cess,54,8802 or 8806,"Other aircraft (for example, helicopters, aeroplanes), for personal use",,,,3%
Compensation Cess,55,8903,Yacht and other vessels for pleasure or sports,,,,3%
