S.No.,Chapter / Section / Heading,Description of Service,CGST Rate (%),SGST/UTGST Rate (%),IGST Rate (%),Condition
1,Chapter 99,All Services,,,,
2,Section 5,Construction Services,,,,
3,Heading 9954 (Construction services),"(i) Construction of affordable residential apartments by a promoter in a Residential Real Estate Project (RREP) which commences on or after 1st April, 2019 or in an ongoing RREP where promoter has not exercised option to pay integrated tax on construction of apartments at rates specified for item (ie) or (if), intended for sale to a buyer, wholly or partly, except where entire consideration received after issuance of completion certificate or first occupation. (Provisions of paragraph 2 of this notification shall apply for valuation of this service)",0.75,0.75,1.5,Integrated tax at specified rate shall be paid in cash by debiting electronic cash ledger only; credit of input tax on goods and services used in supplying the service has not been taken except as prescribed in Annexure I (REP other than RREP) and Annexure II (RREP); registered person shall pay amount equivalent to input tax credit attributable to construction in a project with time of supply on or after 1st April 2019
3,Heading 9954 (Construction services),"(ia) Construction of residential apartments other than affordable residential apartments by a promoter in an RREP which commences on or after 1st April, 2019 or in an ongoing RREP where promoter has not exercised option to pay integrated tax on construction of apartments at rates specified for item (ie) or (if), intended for sale to a buyer, wholly or partly, except where entire consideration received after issuance of completion certificate or first occupation. (Provisions of paragraph 2 of this notification shall apply for valuation of this service)",3.75,3.75,7.5,
3,Heading 9954 (Construction services),"(ib) Construction of commercial apartments (shops, offices, godowns etc.) by a promoter in an RREP which commences on or after 1st April, 2019 or in an ongoing RREP where promoter has not exercised option to pay integrated tax on construction of apartments at rates specified for item (ie) or (if), intended for sale to a buyer, wholly or partly, except where entire consideration received after issuance of completion certificate or first occupation. (Provisions of paragraph 2 of this notification shall apply for valuation of this service)",3.75,3.75,7.5,
3,Heading 9954 (Construction services),"(ic) Construction of affordable residential apartments by a promoter in a Real Estate Project (REP) other than RREP, which commences on or after 1st April, 2019 or in an ongoing REP other than RREP where promoter has not exercised option to pay integrated tax on construction of apartments at rates specified for item (ie) or (if), intended for sale to a buyer, wholly or partly, except where entire consideration received after issuance of completion certificate or first occupation. (Provisions of paragraph 2 of this notification shall apply for valuation of this service)",0.75,0.75,1.5,
3,Heading 9954 (Construction services),"(id) Construction of residential apartments other than affordable residential apartments by a promoter in a REP other than RREP which commences on or after 1st April, 2019 or in an ongoing REP other than RREP where promoter has not exercised option to pay integrated tax on construction of apartments at rates specified for item (ie) or (if), intended for sale to a buyer, wholly or partly, except where entire consideration received after issuance of completion certificate or first occupation. (Provisions of paragraph 2 of this notification shall apply for valuation of this service)",3.75,3.75,7.5,
3,Heading 9954 (Construction services),"(ie) Construction of an apartment in an ongoing project under any of the schemes specified in sub-item (b), sub-item (c), sub-item (d), sub-item (da) and sub-item (db) of item (iv); sub-item (b), sub-item (c), sub-item (d) and sub-item (da) of item (v); and sub-item (c) of item (vi), against serial number 3 of the Table, in respect of which the promoter has exercised option to pay integrated tax on construction of apartments at the rates as specified for this item. (Provisions of paragraph 2 of this notification shall apply for valuation of this service)",6,6,12,Registered person shall exercise one time option in Form at Annexure IV by 20th May 2019 to pay integrated tax on construction of apartments at rates specified for item (ie) or (if)
3,Heading 9954 (Construction services),"(if) Construction of a complex, building, civil structure or a part thereof, including (i) commercial apartments (shops, offices, godowns etc.) by a promoter in a REP other than RREP, (ii) residential apartments in an ongoing project other than affordable residential apartments in respect of which the promoter has exercised option to pay integrated tax, but excluding supply by way of services specified at items (i), (ia), (ib), (ic), (id) and (ie) above, intended for sale to a buyer, wholly or partly, except where entire consideration received after issuance of completion certificate or first occupation.",9,9,18,
3,Heading 9954 (Construction services),"(vii) Composite supply of works contract as defined in clause (119) of section 2 of the CGST Act, 2017, involving predominantly earth work (that is, constituting more than 75 per cent. of the value of the works contract) provided to the Central Government, State Government, Union territory or a local authority.",6,6,12,
3,Heading 9954 (Construction services),"(viii) Composite supply of works contract as defined in clause (119) of section 2 of the CGST Act, 2017 and associated services, in respect of offshore works contract relating to oil and gas exploration and production (E&P) in the offshore area beyond 12 nautical miles from the nearest point of the appropriate base line.",6,6,12,
3,Heading 9954 (Construction services),"(x) Composite supply of works contract as defined in clause (119) of section 2 of the CGST Act, 2017 provided by a sub-contractor to the main contractor providing services specified in item (vii) above to the Central Government, State Government, Union territory or a local authority.",6,6,12,
3,Heading 9954 (Construction services),"(xi) Services by way of house-keeping, such as plumbing, carpentering, etc. where the person supplying such service through electronic commerce operator is not liable for registration under sub-section (1) of section 22 of the CGST Act, 2017.",2.5,2.5,5,Credit of input tax charged on goods and services has not been taken [Please refer to Explanation no. (iv)]
3,Heading 9954 (Construction services),"(xii) Construction services other than (i), (ia), (ib), (ic), (id), (ie), (if), (vii), (viii), (x) and (xi) above.",9,9,18,
4,Section 6,"Distributive Trade Services; Accommodation, Food and Beverage Service; Transport Services; Gas and Electricity Distribution Services",,,,
5,Heading 9961,"Services in wholesale trade. Explanation - This service does not include sale or purchase of goods but includes services of commission agents, commodity brokers, auctioneers, electronic wholesale agents and brokers, wholesale auctioning houses.",9,9,18,-
6,Heading 9962,Services in retail trade. Explanation - This service does not include sale or purchase of goods.,9,9,18,-
7,"Heading 9963 (Accommodation, food and beverage services)",(i) Supply of hotel accommodation having value of supply of a unit of accommodation less than or equal to seven thousand five hundred rupees per unit per day or equivalent.,6,6,12,-
7,"Heading 9963 (Accommodation, food and beverage services)",(ii) Supply of restaurant service other than at specified premises.,2.5,2.5,5,Credit of input tax charged on goods and services used in supplying the service has not been taken [Please refer to Explanation no. (iv)]
7,"Heading 9963 (Accommodation, food and beverage services)","(iii) Supply of goods, being food or any other article for human consumption or any drink, by the Indian Railways or Indian Railways Catering and Tourism Corporation Ltd. or their licensees, whether in trains or at platforms.",2.5,2.5,5,Credit of input tax charged on goods and services used in supplying the service has not been taken [Please refer to Explanation no. (iv)]
7,"Heading 9963 (Accommodation, food and beverage services)","(iv) Supply of outdoor catering, at premises other than specified premises provided by any person other than (a) suppliers providing hotel accommodation at specified premises, or (b) suppliers located in specified premises.",2.5,2.5,5,Credit of input tax charged on goods and services used in supplying the service has not been taken [Please refer to Explanation (iv)]
7,"Heading 9963 (Accommodation, food and beverage services)","(v) Composite supply of outdoor catering together with renting of premises (including hotel, convention center, club, pandal, shamiana or any other place, specially arranged for organising a function) at premises other than specified premises provided by any person other than suppliers providing hotel accommodation at specified premises or suppliers located in specified premises.",2.5,2.5,5,Credit of input tax charged on goods and services used in supplying the service has not been taken [Please refer to Explanation (iv)]
7,"Heading 9963 (Accommodation, food and beverage services)","(vi) Accommodation, food and beverage services other than (i) to (v) above. This entry covers restaurant service at specified premises; hotel accommodation above Rs. 7500 per unit per day; outdoor catering by suppliers at specified premises; composite supply of outdoor catering together with renting of premises at specified premises.",9,9,18,
8,Heading 9964 (Passenger transport services),"(i) Transport of passengers, with or without accompanied belongings, by rail in first class or air conditioned coach.",2.5,2.5,5,"Credit of input tax charged in respect of goods used in supplying the service is not utilised for paying integrated tax, central tax, state tax or union territory tax on the supply of the service"
8,Heading 9964 (Passenger transport services),"(ii) Transport of passengers, with or without accompanied belongings by (a) air conditioned contract carriage other than motorcab; (b) air conditioned stage carriage; (c) radio taxi.",2.5,2.5,5,Credit of input tax charged on goods and services used in supplying the service has not been taken [Please refer to Explanation no (iv)]
8,Heading 9964 (Passenger transport services),"(iii) Transport of passengers, with or without accompanied belongings, by air in economy class.",2.5,2.5,5,Credit of input tax charged on goods used in supplying the service has not been taken [Please refer to Explanation no. (iv)]
8,Heading 9964 (Passenger transport services),"(iv) Transport of passengers, with or without accompanied belongings, by air, embarking from or terminating in a Regional Connectivity Scheme Airport, as notified by the Ministry of Civil Aviation.",2.5,2.5,5,Credit of input tax charged on goods used in supplying the service has not been taken [Please refer to Explanation no. (iv)]
8,Heading 9964 (Passenger transport services),"(iva) Transportation of passengers, with or without accompanied baggage, by air, by non-scheduled air transport service or charter operations, engaged by specified organisations in respect of religious pilgrimage facilitated by the Government of India, under bilateral arrangement.",2.5,2.5,5,Credit of input tax charged on goods used in supplying the service has not been taken [Please refer to clause (iv) of paragraph 4 relating to Explanation]
8,Heading 9964 (Passenger transport services),"(v) Transport of passengers by air, with or without accompanied belongings, in other than economy class.",6,6,12,-
8,Heading 9964 (Passenger transport services),(vi) Transport of passengers by any motor vehicle designed to carry passengers where the cost of fuel is included in the consideration charged from the service recipient.,2.5,2.5,5,"Credit of input tax charged on goods and services used in supplying the service, other than input tax credit of input service in the same line of business (i.e. service procured from another service provider of transporting passengers in a motor vehicle or renting of a motor vehicle), has not been taken [Please refer to Explanation no. (iv)]"
8,Heading 9964 (Passenger transport services),"(via) Transport of passengers, with or without accompanied belongings, by ropeways.",2.5,2.5,5,The credit of input tax charged on goods used in supplying the service has not been taken [Please refer to Explanation no. (iv)]
8,Heading 9964 (Passenger transport services),"(vii) Passenger transport services other than (i), (ii), (iii), (iv), (iva), (v), (vi) and (via) above.",9,9,18,-
9,Heading 9965 (Goods transport services),(i) Transport of goods by rail (other than services specified at item no. (iv)).,2.5,2.5,5,"Credit of input tax charged in respect of goods in supplying the service is not utilised for paying integrated tax, central tax, state tax or union territory tax on the supply of the service"
9,Heading 9965 (Goods transport services),(ii) Transport of goods in a vessel including services provided or agreed to be provided by a person located in non-taxable territory to a person located in non-taxable territory by way of transportation of goods by a vessel from a place outside India up to the customs station of clearance in India.,2.5,2.5,5,"Credit of input tax charged on goods (other than on ships, vessels including bulk carriers and tankers) used in supplying the service has not been taken. This condition will not apply where the supplier of service is located in non-taxable territory. [Please refer to Explanation no. (iv)]"
9,Heading 9965 (Goods transport services),(iii)(a) Services of Goods Transport Agency (GTA) in relation to transportation of goods (including used household goods for personal use) supplied by a GTA where GTA does not exercise the option to itself pay GST on the services supplied by it.,2.5,2.5,5,The credit of input tax charged on goods and services used in supplying the service has not been taken [Please refer to Explanation no. (iv)]
9,Heading 9965 (Goods transport services),(iii)(b) Services of GTA where GTA exercises the option to itself pay GST on services supplied by it.,2.5 or 6,2.5 or 6,5 or 12,"(1) In respect of supplies on which GTA pays tax at the rate of 2.5%, GTA shall not take credit of input tax charged on goods and services used in supplying the service. (2) Option by GTA to itself pay GST during a Financial Year shall be exercised by making a declaration in Annexure V on or before the 15th March of the preceding Financial Year."
9,Heading 9965 (Goods transport services),"(iv) Transport of goods by air (other than the services specified at item no (iii)) — CGST rate not specified, only IGST applicable.",,6,12,-
9,Heading 9965 (Goods transport services),"(v) Transportation of natural gas, petroleum crude, motor spirit (petrol), high speed diesel or aviation turbine fuel through pipeline.",2.5,2.5,5,Credit of input tax charged on goods and services used in supplying the service has not been taken [Please refer to Explanation no. (iv)]
9,Heading 9965 (Goods transport services),(vi) Multimodal transportation of goods (carriage of goods by at least two different modes of transport from place of acceptance to place of delivery by a multimodal transporter). Does not apply to supply of service other than transport of goods from one place in India to another.,6,6,12,-
9,Heading 9965 (Goods transport services),(via) Transport of goods by ropeways.,2.5,2.5,5,The credit of input tax charged on goods used in supplying the service has not been taken [Please refer to Explanation no. (iv)]
9,Heading 9965 (Goods transport services),"(vii) Goods transport services other than (i), (ii), (iii), (iv), (v), (vi) and (via) above.",9,9,18,-
10,Heading 9966 (Rental services of transport vehicles with operators),(i) Renting of any motor vehicle designed to carry passengers where the cost of fuel is included in the consideration charged from the service recipient.,2.5,2.5,5,"Credit of input tax charged on goods and services used in supplying the service, other than input tax credit of input service in the same line of business (i.e. service procured from another service provider of transporting passengers in a motor vehicle or renting of a motor vehicle), has not been taken [Please refer to Explanation no. (iv)]"
10,Heading 9966 (Rental services of transport vehicles with operators),(ia) Renting of goods carriage where the cost of fuel is included in the consideration charged from the service recipient.,6,6,12,
10,Heading 9966 (Rental services of transport vehicles with operators),(ii) Time charter of vessels for transport of goods.,2.5,2.5,5,"Credit of input tax charged on goods (other than on ships, vessels including bulk carriers and tankers) has not been taken [Please refer to Explanation no. (iv)]"
10,Heading 9966 (Rental services of transport vehicles with operators),"(iii) Rental services of transport vehicles with operators, other than (i), (ia) and (ii) above.",9,9,18,-
11,Heading 9967 (Supporting services in transport),"Supporting services in transport. This entry does not include goods transport service involving Goods Transport Agency (GTA) service, which falls under Heading 9965.",9,9,18,-
12,Heading 9968,Postal and courier services.,9,9,18,-
13,Heading 9969,"Electricity, gas, water and other distribution services.",9,9,18,-
14,Section 7,Financial and related services; real estate services; and rental and leasing services.,,,,
15,Heading 9971 (Financial and related services),"(ii) Transfer of the right to use any goods for any purpose (whether or not for a specified period) for cash, deferred payment or other valuable consideration.",Same rate as on supply of like goods involving transfer of title,Same rate as on supply of like goods involving transfer of title,Same rate as on supply of like goods involving transfer of title,-
15,Heading 9971 (Financial and related services),(iii) Any transfer of right in goods or of undivided share in goods without the transfer of title thereof.,Same rate as on supply of like goods involving transfer of title,Same rate as on supply of like goods involving transfer of title,Same rate as on supply of like goods involving transfer of title,-
15,Heading 9971 (Financial and related services),"(v) Leasing of motor vehicles purchased and leased prior to 1st July 2017. Note: Nothing contained in this entry shall apply on or after 1st July, 2020.",65% of the rate of central tax as applicable on supply of like goods involving transfer of title,65% of the rate of state/UT tax as applicable on supply of like goods involving transfer of title,65% of the rate of integrated tax as applicable on supply of like goods involving transfer of title,-
15,Heading 9971 (Financial and related services),(vi) Service of third party insurance of goods carriage.,6,6,12,-
15,Heading 9971 (Financial and related services),"(vii) Financial and related services other than (ii), (iii), (v), and (vi) above.",9,9,18,-
16,Heading 9972,"(i) Services by the Central Government, State Government, Union territory or local authority to governmental authority or government entity, by way of lease of land.",Nil,Nil,Nil,-
16,Heading 9972,"(ii) Supply of land or undivided share of land by way of lease or sub lease where such supply is a part of composite supply of construction of flats etc. specified in entry against serial number 3, at item (i), (ia), (ib), (ic), (id), (ie) and (if). The exemption shall not apply to amount charged for such lease and sub-lease in excess of one third of the total amount charged for the composite supply.",Nil,Nil,Nil,-
16,Heading 9972,(iii) Real estate services other than (i) and (ii) above.,9,9,18,-
17,Heading 9973 (Leasing or rental services without operator),(ii) Temporary or permanent transfer or permitting the use or enjoyment of Intellectual Property (IP) right.,9,9,18,-
17,Heading 9973 (Leasing or rental services without operator),"(iii) Transfer of the right to use any goods for any purpose (whether or not for a specified period) for cash, deferred payment or other valuable consideration.",Same rate as on supply of like goods involving transfer of title,Same rate as on supply of like goods involving transfer of title,Same rate as on supply of like goods involving transfer of title,-
17,Heading 9973 (Leasing or rental services without operator),(iv) Any transfer of right in goods or of undivided share in goods without the transfer of title thereof.,Same rate as on supply of like goods involving transfer of title,Same rate as on supply of like goods involving transfer of title,Same rate as on supply of like goods involving transfer of title,-
17,Heading 9973 (Leasing or rental services without operator),"(vi) Leasing of motor vehicles purchased and leased prior to 1st July 2017. Note: Nothing contained in this entry shall apply on or after 1st July, 2020.",65% of the rate of central tax as applicable on supply of like goods involving transfer of title,65% of the rate of state/UT tax as applicable on supply of like goods involving transfer of title,65% of the rate of integrated tax as applicable on supply of like goods involving transfer of title,-
17,Heading 9973 (Leasing or rental services without operator),(viia) Leasing or renting of goods.,Same rate as on supply of like goods involving transfer of title,Same rate as on supply of like goods involving transfer of title,Same rate as on supply of like goods involving transfer of title,
17,Heading 9973 (Leasing or rental services without operator),"(viii) Leasing or rental services, without operator, other than (i), (ii), (iii), (iv), (vi), and (viia) above.",9,9,18,-
18,Section 8,Business and Production Services,,,,
19,Heading 9981,Research and development services.,9,9,18,-
20,Heading 9982,Legal and accounting services.,8,9,18,-
21,"Heading 9983 (Other professional, technical and business services)",(i) Selling of space for advertisement in print media.,2.5,2.5,5,-
21,"Heading 9983 (Other professional, technical and business services)","(ia) Other professional, technical and business services relating to exploration, mining or drilling of petroleum crude or natural gas or both.",6,6,12,-
21,"Heading 9983 (Other professional, technical and business services)","(ii) Other professional, technical and business services other than (i) and (ia) above and serial number 38 below.",9,9,18,-
22,"Heading 9984 (Telecommunications, broadcasting and information supply services)","(i) Supply consisting only of e-book (electronic version of a printed book falling under tariff item 4901 in the First Schedule to the Customs Tariff Act, 1975) supplied online.",2.5,2.5,5,-
22,"Heading 9984 (Telecommunications, broadcasting and information supply services)","(ii) Telecommunications, broadcasting and information supply services other than (i) above.",9,9,18,-
23,Heading 9985 (Support services),"(i) Supply of tour operators services. Tour operator means any person engaged in the business of planning, scheduling, organizing, arranging tours (which may include arrangements for accommodation, sightseeing or other similar services) by any mode of transport.",2.5,2.5,5,1. Credit of input tax charged on goods and services used in supplying the service other than input tax credit of input service in the same line of business (i.e. tour operator service procured from another tour operator) has not been taken. 2. The bill issued for supply of this service indicates that it is inclusive of charges of accommodation and transportation required for such a tour.
23,Heading 9985 (Support services),"(ii) Services by way of house-keeping, such as plumbing, carpentering, etc. where the person supplying such service through electronic commerce operator is not liable for registration under sub-section (1) of section 22 of the CGST Act, 2017.",2.5,2.5,5,Credit of input tax charged on goods and services has not been taken [Please refer to Explanation no. (iv)]
23,Heading 9985 (Support services),(iii) Support services other than (i) and (ii) above.,9,9,18,-
24,"Heading 9986 (Support services to agriculture, hunting, forestry, fishing, mining and utilities)","(i) Support services to agriculture, forestry, fishing, animal husbandry including agricultural operations, supply of farm labour, processes carried out at an agricultural farm, renting or leasing of agro machinery, loading/unloading/packing/storage/warehousing of agricultural produce, agricultural extension services, services by Agricultural Produce Marketing Committee or Board, services provided by a commission agent for sale or purchase of agricultural produce, pre-conditioning/pre-cooling/ripening/waxing/retail packing/labelling of fruits and vegetables, carrying out intermediate production process as job work in relation to cultivation of plants and rearing of all life forms of animals.",Nil,Nil,Nil,-
24,"Heading 9986 (Support services to agriculture, hunting, forestry, fishing, mining and utilities)","(ii) Support services to exploration, mining or drilling of petroleum crude or natural gas or both.",6,6,12,-
24,"Heading 9986 (Support services to agriculture, hunting, forestry, fishing, mining and utilities)","(iii) Support services to mining, electricity, gas and water distribution other than (ii) above.",9,9,18,-
25,Heading 9987,"(i) Services by way of house-keeping, such as plumbing, carpentering, etc. where the person supplying such service through electronic commerce operator is not liable for registration under sub-section (1) of section 22 of the CGST Act, 2017.",2.5,2.5,5,Credit of input tax charged on goods and services has not been taken [Please refer to Explanation no. (iv)]
25,Heading 9987,"(ia) Maintenance, repair or overhaul services in respect of aircrafts, aircraft engines and other aircraft components or parts.",2.5,2.5,5,-
25,Heading 9987,"(ib) Maintenance, repair or overhaul services in respect of ships and other vessels, their engines and other components or parts.",2.5,2.5,5,-
25,Heading 9987,"(ii) Maintenance, repair and installation (except construction) services, other than (i), (ia) and (ib) above and serial number 38 below.",9,9,18,-
26,Heading 9988 (Manufacturing services on physical inputs owned by others),"(i) Services by way of job work in relation to (a) Printing of newspapers; (b) Textiles and textile products falling under Chapter 50 to 63; (c) all products other than diamonds falling under Chapter 71; (d) Printing of books (including Braille books), journals and periodicals; (da) printing of all goods falling under Chapter 48 or 49 which attract IGST @ 5% or Nil; (g) all products falling under Chapter 23 except dog and cat food put up for retail sale; (i) manufacture of handicraft goods.",2.5,2.5,5,-
26,Heading 9988 (Manufacturing services on physical inputs owned by others),(ia) Services by way of job work in relation to (a) manufacture of umbrella; (b) printing of all goods falling under Chapter 48 or 49 which attract IGST @ 12 per cent.,6,6,12,-
26,Heading 9988 (Manufacturing services on physical inputs owned by others),"(ib) Services by way of job work in relation to diamonds falling under chapter 71 in the First Schedule to the Customs Tariff Act, 1975.",0.75,0.75,1.5,-
26,Heading 9988 (Manufacturing services on physical inputs owned by others),"(ic) Services by way of job work in relation to bus body building. For the purposes of this entry, the term bus body building shall include building of body on chassis of any vehicle falling under chapter 87 in the First Schedule to the Customs Tariff Act, 1975.",9,9,18,-
26,Heading 9988 (Manufacturing services on physical inputs owned by others),(ica) Services by way of job work in relation to manufacture of alcoholic liquor for human consumption.,9,9,18,-
26,Heading 9988 (Manufacturing services on physical inputs owned by others),"(id) Services by way of job work other than (i), (ia), (ib), (ic) and (ica) above.",6,6,12,
26,Heading 9988 (Manufacturing services on physical inputs owned by others),"(ii) Services by way of any treatment or process on goods belonging to another person, in relation to (a) printing of newspapers; (b) printing of books (including Braille books), journals and periodicals; (c) printing of all goods falling under Chapter 48 or 49 which attract IGST @ 5% or Nil.",2.5,2.5,5,-
26,Heading 9988 (Manufacturing services on physical inputs owned by others),"(iia) Services by way of any treatment or process on goods belonging to another person, in relation to printing of all goods falling under Chapter 48 or 49 which attract IGST @ 12 per cent.",6,6,12,-
26,Heading 9988 (Manufacturing services on physical inputs owned by others),(iii) Tailoring services.,2.5,2.5,5,-
26,Heading 9988 (Manufacturing services on physical inputs owned by others),"(iv) Manufacturing services on physical inputs (goods) owned by others, other than (i), (ia), (ib), (ic), (ica), (id), (ii), (iia) and (iii) above.",9,9,18,-
27,Heading 9989,"Other manufacturing services; publishing, printing and reproduction services; material recovery services.",9,9,18,-
28,Section 9,"Community, Social and Personal Services and other miscellaneous services.",,,,
29,Heading 9991,Public administration and other services provided to the community as a whole; compulsory social security services.,9,9,18,-
30,Heading 9992,Education services.,9,9,18,-
31,Heading 9993,Human health and social care services.,9,9,18,-
31A,Heading 9993,Services provided by a clinical establishment by way of providing room [other than ICU/CCU/ICCU/NICU] having room charges exceeding Rs. 5000 per day to a person receiving health care services.,2.5,2.5,5,The credit of input tax charged on goods and services used in supplying the service has not been taken [Please refer to Explanation no. (iv)]
32,Heading 9994,(i) Services by way of treatment of effluents by a Common Effluent Treatment Plant.,6,6,12,-
32,Heading 9994,(ia) Services by way of treatment or disposal of biomedical waste or the processes incidental thereto by a common bio-medical waste treatment facility to a clinical establishment.,6,6,12,-
32,Heading 9994,"(ii) Sewage and waste collection, treatment and disposal and other environmental protection services other than (i) and (ia) above.",9,9,18,-
33,Heading 9995,Services of membership organisations.,9,9,18,-
34,"Heading 9996 (Recreational, cultural and sporting services)","(i) Services by way of admission or access to circus, Indian classical dance including folk dance, theatrical performance, drama or planetarium.",9,9,18,-
34,"Heading 9996 (Recreational, cultural and sporting services)",(ii) Services by way of admission to exhibition of cinematograph films where price of admission ticket is one hundred rupees or less.,6,6,12,-
34,"Heading 9996 (Recreational, cultural and sporting services)",(iia) Services by way of admission to exhibition of cinematograph films where price of admission ticket is above one hundred rupees.,9,9,18,-
34,"Heading 9996 (Recreational, cultural and sporting services)","(iii) Services by way of admission to (a) theme parks, water parks and any other place having joy rides, merry-go rounds, go carting, or (b) ballet - other than any place covered by (iiia) below.",9,9,18,-
34,"Heading 9996 (Recreational, cultural and sporting services)",(iiia) Services by way of admission to (a) casinos or race clubs or any place having casinos or race clubs or (b) sporting events like Indian Premier League.,14,14,28,
34,"Heading 9996 (Recreational, cultural and sporting services)",(iv) Services provided by a race club by way of totalisator or a license to bookmaker in such club.,14,14,28,-
34,"Heading 9996 (Recreational, cultural and sporting services)",(v) Gambling.,14,14,28,-
34,"Heading 9996 (Recreational, cultural and sporting services)","(vi) Recreational, cultural and sporting services other than (i), (ii), (iia), (iii), (iiia), (iv) and (v) above.",9,9,18,-
35,Heading 9997,"Other services (washing, cleaning and dyeing services; beauty and physical well-being services; and other miscellaneous services including services nowhere else classified).",9,9,18,-
36,Heading 9998,Domestic services.,9,9,18,-
37,Heading 9999,Services provided by extra territorial organisations and bodies.,9,9,18,-
38,Heading 9954 or 9983 or 9987,"Service by way of construction or engineering or installation or other technical services, provided in relation of setting up of (a) Bio-gas plant (b) Solar power based devices (c) Solar power generating system (d) Wind mills, Wind Operated Electricity Generator (WOEG) (e) Waste to energy plants/devices (f) Ocean waves/tidal waves energy devices/plants.",9,9,18,-
,Chapter 99,"Supply of services other than services by way of grant of development rights, long term lease of land (against upfront payment in the form of premium, salami, development charges etc.) or FSI (including additional FSI) by an unregistered person to a promoter for construction of a project on which tax is payable by the recipient of the services under sub-section 4 of section 5 of the IGST Act, 2017.",9,9,18,-
,Chapter 99,"Services by an entity registered under section 12AA or 12AB of the Income-tax Act, 1961 by way of charitable activities.",Nil,Nil,Nil,
,Chapter 99,"Services by way of transfer of a going concern, as a whole or an independent part thereof.",Nil,Nil,Nil,
,Chapter 99,"Pure services (excluding works contract service or other composite supplies involving supply of any goods) provided to the Central Government, State Government or Union territory or local authority by way of any activity in relation to any function entrusted to a Panchayat under article 243G or Municipality under article 243W of the Constitution.",Nil,Nil,Nil,
,Chapter 99,"Composite supply of goods and services in which the value of supply of goods constitutes not more than 25 per cent of the value of the said composite supply provided to the Central Government, State Government or Union territory or local authority by way of any activity in relation to any function entrusted to a Panchayat under article 243G or Municipality under article 243W of the Constitution.",Nil,Nil,Nil,
,Chapter 99,Services by governmental authority by way of any activity in relation to any function entrusted to a municipality under article 243W of the Constitution.,Nil,Nil,Nil,
,Chapter 99,Services by a Governmental Authority by way of any activity in relation to any function entrusted to a Panchayat under article 243G of the Constitution.,Nil,Nil,Nil,
,Chapter 99,"Services by the Central Government, State Government, Union territory or local authority excluding services by Department of Posts, in relation to an aircraft or vessel, transport of goods or passengers, or any service provided to business entities.",Nil,Nil,Nil,
,Chapter 99,"Services provided by the Central Government, State Government, Union territory or local authority to a business entity with an aggregate turnover up to the exemption threshold for registration under CGST Act, 2017, excluding services by Department of Posts, in relation to an aircraft or vessel, transport of goods or passengers, and services by way of renting of immovable property.",Nil,Nil,Nil,
,Chapter 99,"Services provided by the Central Government, State Government, Union territory or local authority to another Central Government, State Government, Union territory or local authority, excluding services by Department of Posts, in relation to an aircraft or a vessel, and transport of goods or passengers.",Nil,Nil,Nil,
,Chapter 99,"Services provided by Central Government, State Government, Union territory or a local authority where the consideration for such services does not exceed five thousand rupees, excluding services by Department of Posts, in relation to an aircraft or vessel, and transport of goods or passengers.",Nil,Nil,Nil,
,Chapter 99,"Services received from a provider of service located in a non-taxable territory by the Central Government, State Government, Union territory, local authority, governmental authority, or an individual for any purpose other than commerce, industry or any other business or profession; or by an entity registered under section 12AA of the Income-tax Act for charitable activities.",Nil,Nil,Nil,
,Chapter 99,Services provided by and to FIFA and its subsidiaries directly or indirectly related to any of the events under FIFA U-17 World Cup 2017 to be hosted in India.,Nil,Nil,Nil,"Provided that Director (Sports), Ministry of Youth Affairs and Sports certifies that the services are directly or indirectly related to any of the events under FIFA U-17 World Cup 2017."
,Chapter 99,Services provided by and to FIFA and its subsidiaries directly or indirectly related to any of the events under FIFA U-17 Women's World Cup 2020 to be hosted in India [whenever rescheduled].,Nil,Nil,Nil,"Provided that Director (Sports), Ministry of Youth Affairs and Sports certifies that the services are directly or indirectly related to any of the events under FIFA U-17 Women's World Cup 2020."
,Chapter 99,Services provided by and to Asian Football Confederation (AFC) and its subsidiaries directly or indirectly related to any of the events under AFC Women's Asia Cup 2022 to be hosted in India.,Nil,Nil,Nil,"Provided that Director (Sports), Ministry of Youth Affairs and Sports certifies that the services are directly or indirectly related to any of the events under AFC Women's Asia Cup 2022."
,Chapter 99,Supply of services associated with transit cargo to Nepal and Bhutan (landlocked countries).,Nil,Nil,Nil,
,Chapter 99,"Supply of service by a Government Entity to Central Government, State Government, Union territory, local authority or any person specified by Central Government, State Government, Union territory or local authority against consideration received from Central Government, State Government, Union territory or local authority, in the form of grants.",Nil,Nil,Nil,
,Chapter 99,"Services by an old age home run by Central Government, State Government or by an entity registered under section 12AA or 12AB of the Income-tax Act, 1961 to its residents (aged 60 years or more) against consideration upto twenty-five thousand rupees per month per member provided that the consideration charged is inclusive of charges for boarding, lodging and maintenance.",Nil,Nil,Nil,
,Chapter 99,"Services supplied by an establishment of a person in India to any establishment of that person outside India, which are treated as establishments of distinct persons in accordance with Explanation 1 in section 8 of the IGST Act, 2017.",Nil,Nil,Nil,"Provided the place of supply of the service is outside India in accordance with section 13 of Integrated Goods and Services Tax Act, 2017."
,Chapter 99,Import of services by United Nations or a specified international organisation for official use of the United Nations or the specified international organisation.,Nil,Nil,Nil,
,Chapter 99,"Import of services by Foreign diplomatic mission or consular post in India, or diplomatic agents or career consular officers posted therein.",Nil,Nil,Nil,Subject to conditions including certificate issued by the Protocol Division of the Ministry of External Affairs based on principle of reciprocity; services imported are for official purpose or personal use of diplomatic agent or career consular officer or members of his or her family.
,Heading 9954,"Services provided by way of pure labour contracts of construction, erection, commissioning, installation, completion, fitting out, repair, maintenance, renovation, or alteration of a civil structure or any other original works pertaining to the beneficiary-led individual house construction or enhancement under the Housing for All (Urban) Mission or Pradhan Mantri Awas Yojana.",Nil,Nil,Nil,
,Heading 9954,"Services supplied by electricity distribution utilities by way of construction, erection, commissioning, or installation of infrastructure for extending electricity distribution network upto the tube well of the farmer or agriculturalist for agricultural use.",Nil,Nil,Nil,
,Heading 9954,"Services by way of pure labour contracts of construction, erection, commissioning, or installation of original works pertaining to a single residential unit otherwise than as a part of a residential complex.",Nil,Nil,Nil,
,Heading 9961 or Heading 9962,"Service provided by Fair Price Shops to Central Government, State Government or Union territory by way of sale of food grains, kerosene, sugar, edible oil, etc. under Public Distribution System against consideration in the form of commission or margin.",Nil,Nil,Nil,
,Heading 9961,Services provided by an intermediary when location of both supplier and recipient of goods is outside the taxable territory.,Nil,Nil,Nil,Following documents shall be maintained for a minimum duration of five years: (1) Copy of Bill of Lading; (2) Copy of executed contract between Supplier/Seller and Receiver/Buyer of goods; (3) Copy of commission debit note raised by an intermediary; (4) Copy of certificate of origin; (5) Declaration letter from an intermediary service provider confirming commission debit note raised relates to contract when both supplier and receiver of goods are outside the taxable territory.
,Heading 9963 or Heading 9972,"Services by way of renting of residential dwelling for use as residence except where the residential dwelling is rented to a registered person. This entry shall cover services by way of renting of residential dwelling to a registered person where the registered person is proprietor of a proprietorship concern and rents the residential dwelling in his personal capacity for use as his own residence, and such renting is on his own account and not that of the proprietorship concern.",Nil,Nil,Nil,
,Heading 9963 or Heading 9972 or Heading 9995 or any other Heading of Section 9,"Services by a person by way of (a) conduct of any religious ceremony; (b) renting of precincts of a religious place meant for general public, owned or managed by an entity registered as a charitable or religious trust under section 12AA or 12AB of the Income-tax Act. Provided that entry (b) shall not apply to renting of rooms where charges are Rs. 1000 or more per day; renting of premises where charges are Rs. 10000 or more per day; renting of shops or other spaces for business or commerce where charges are Rs. 10000 or more per month.",Nil,Nil,Nil,
,Heading 9964,"Transport of passengers, with or without accompanied belongings, by (a) air in economy class, embarking from or terminating in an airport located in specified north-eastern states or at Bagdogra; (b) non-airconditioned contract carriage other than radio taxi, for transportation of passengers, excluding tourism, conducted tour, charter or hire; or (c) stage carriage other than air-conditioned stage carriage.",Nil,Nil,Nil,
,Heading 9964,"Services provided to the Central Government, by way of transport of passengers with or without accompanied belongings, by air, embarking from or terminating at a regional connectivity scheme airport, against consideration in the form of viability gap funding.",Nil,Nil,Nil,
,Heading 9964,"Service of transportation of passengers, with or without accompanied belongings, by (a) railways in a class other than first class or air-conditioned coach; (b) metro, monorail or tramway; (c) inland waterways; (d) public transport in a vessel between places located in India; and (e) metered cabs or auto rickshaws (including e-rickshaws).",Nil,Nil,Nil,
,Heading 9965,"Services by way of transportation of goods by road except services of (i) a goods transportation agency; (ii) a courier agency, and by inland waterways.",Nil,Nil,Nil,
,Heading 9965,Services by way of transportation of goods by an aircraft from a place outside India upto the customs station of clearance in India.,Nil,Nil,Nil,
,Heading 9965,Services by way of transportation of goods by an aircraft from customs station of clearance in India to a place outside India.,Nil,Nil,Nil,Nothing contained in this serial number shall apply after the 30th day of September 2022.
,Heading 9965,Services by way of transportation of goods by a vessel from customs station of clearance in India to a place outside India.,Nil,Nil,Nil,Nothing contained in this serial number shall apply after 30th day of September 2022.
,Heading 9965,"Satellite launch services supplied by Indian Space Research Organisation, Antrix Corporation Limited or New Space India Limited.",Nil,Nil,Nil,
,Heading 9965,"Services by way of transportation by rail or a vessel from one place in India to another of the following goods: (a) relief materials for victims of natural or man-made disasters; (b) defence or military equipments; (c) newspaper or magazines registered with the Registrar of Newspapers; (e) agricultural produce; (f) milk, salt and food grain including flours, pulses and rice; and (g) organic manure.",Nil,Nil,Nil,
,Heading 9965 or Heading 9967,"Services provided by a goods transport agency, by way of transport in a goods carriage of (a) agricultural produce; (d) milk, salt and food grain including flour, pulses and rice; (e) organic manure; (f) newspaper or magazines registered with the Registrar of Newspapers; (g) relief materials for victims of natural or man-made disasters; or (h) defence or military equipments.",Nil,Nil,Nil,
,Heading 9965 or Heading 9967,"Services provided by a goods transport agency to an unregistered person, including an unregistered casual taxable person, other than recipients who are factories, societies, co-operative societies, body corporates, partnership firms, or casual taxable persons registered under CGST/IGST/SGST/UTGST Act.",Nil,Nil,Nil,
,Heading 9965 or Heading 9967,"Services provided by a goods transport agency, by way of transport of goods in a goods carriage, to (a) a Department or Establishment of the Central Government or State Government or Union territory; or (b) local authority; or (c) Governmental agencies which has taken registration under the CGST Act, 2017 only for the purpose of deducting tax under Section 51 and not for making a taxable supply of goods or services.",Nil,Nil,Nil,
,Heading 9966 or Heading 9973,"Services by way of giving on hire (a) to a state transport undertaking, a motor vehicle meant to carry more than twelve passengers; or (aa) to a local authority, an Electrically operated vehicle meant to carry more than twelve passengers; or (b) to a goods transport agency, a means of transportation of goods; (c) motor vehicle for transport of students, faculty and staff to a person providing services of transportation of students, faculty and staff to an educational institution providing services by way of pre-school education and education upto higher secondary school or equivalent.",Nil,Nil,Nil,
,Heading 9967,Service by way of access to a road or a bridge on payment of toll charges.,Nil,Nil,Nil,
,Heading 9967 or Heading 9985,"Services by way of loading, unloading, packing, storage or warehousing of rice.",Nil,Nil,Nil,
,Heading 9967 or Heading 9985,Services by way of warehousing of minor forest produce.,Nil,Nil,Nil,
,Heading 9967 or Heading 9985,"Services by way of storage or warehousing of cereals, pulses, fruits and vegetables.",Nil,Nil,Nil,
,Chapter 9968,"Services by the Department of Posts by way of post card, inland letter, book post and ordinary post (envelopes weighing less than 10 grams).",Nil,Nil,Nil,
,Heading 9969,Transmission or distribution of electricity by an electricity transmission or distribution utility.,Nil,Nil,Nil,
,Heading 9971,"Services by way of (a) extending deposits, loans or advances in so far as the consideration is represented by way of interest or discount (other than interest involved in credit card services); (b) inter se sale or purchase of foreign currency amongst banks or authorised dealers of foreign exchange or amongst banks and such dealers.",Nil,Nil,Nil,
,Heading 9971,Services provided by a banking company to Basic Saving Bank Deposit (BSBD) account holders under Pradhan Mantri Jan Dhan Yojana (PMJDY).,Nil,Nil,Nil,
,Heading 9971 or Heading 9991,"Services of life insurance business provided by way of annuity under the National Pension System regulated by the Pension Fund Regulatory and Development Authority of India under the Pension Fund Regulatory and Development Authority Act, 2013.",Nil,Nil,Nil,
,Heading 9971 or Heading 9991,"Services of life insurance business provided or agreed to be provided by the Army, Naval and Air Force Group Insurance Funds to members of the Army, Navy and Air Force, respectively, under the Group Insurance Schemes of the Central Government.",Nil,Nil,Nil,
,Heading 9971 or Heading 9991,Services of life insurance provided or agreed to be provided by the Naval Group Insurance Fund to the personnel of Coast Guard under the Group Insurance Schemes of the Central Government.,Nil,Nil,Nil,
,Heading 9971 or Heading 9991,Services of life insurance provided or agreed to be provided by the Central Armed Police Forces (under Ministry of Home Affairs) Group Insurance Funds to their members under the Group Insurance Schemes of the concerned Central Armed Police Force.,Nil,Nil,Nil,
,Heading 9971 or Heading 9991,"Services by the Employees' State Insurance Corporation to persons governed under the Employees' State Insurance Act, 1948.",Nil,Nil,Nil,
,Heading 9971,"Services provided by the Employees Provident Fund Organisation to the persons governed under the Employees Provident Funds and the Miscellaneous Provisions Act, 1952.",Nil,Nil,Nil,
,Heading 9971 or Heading 9991,"Services by Coal Mines Provident Fund Organisation to persons governed by the Coal Mines Provident Fund and Miscellaneous Provisions Act, 1948.",Nil,Nil,Nil,
,Heading 9971 or Heading 9991,Services by National Pension System (NPS) Trust to its members against consideration in the form of administrative fee.,Nil,Nil,Nil,
,Heading 9971,"Services by an acquiring bank, to any person in relation to settlement of an amount upto two thousand rupees in a single transaction transacted through credit card, debit card, charge card or other payment card service.",Nil,Nil,Nil,
,Heading 9971,"Services supplied by Central Government, State Government, Union territory to their undertakings or Public Sector Undertakings (PSUs) by way of guaranteeing the loans taken by such undertakings or PSUs from the banking companies and financial institutions.",Nil,Nil,Nil,
,Heading 9971 or Heading 9991,Services of general insurance business provided under following schemes: (a) Hut Insurance Scheme; (b) Cattle Insurance under Swarnajaynti Gram Swarozgar Yojna; (c) Scheme for Insurance of Tribals; (d) Janata Personal Accident Policy and Gramin Accident Policy; (e) Group Personal Accident Policy for Self-Employed Women; (f) Agricultural Pumpset and Failed Well Insurance; (g) premia collected on export credit insurance; (h) Restructured Weather Based Crop Insurance Scheme (RWCIS); (i) Jan Arogya Bima Policy; (j) Pradhan Mantri Fasal Bima Yojana; (k) Pilot Scheme on Seed Crop Insurance; (l) Central Sector Scheme on Cattle Insurance; (m) Universal Health Insurance Scheme; (n) Rashtriya Swasthya Bima Yojana; (o) Coconut Palm Insurance Scheme; (p) Pradhan Mantri Suraksha Bima Yojna; (q) Niramaya Health Insurance Scheme; (r) Bangla Shasya Bima.,Nil,Nil,Nil,
,Heading 9971 or Heading 9991,Services of life insurance business provided under following schemes: (a) Janashree Bima Yojana; (b) Aam Aadmi Bima Yojana; (c) Life micro-insurance product approved by IRDA having maximum amount of cover of two lakhs rupees; (d) Varishtha Pension Bima Yojana; (e) Pradhan Mantri Jeevan Jyoti Bima Yojana; (f) Pradhan Mantri Jan Dhan Yogana; (g) Pradhan Mantri Vaya Vandan Yojana.,Nil,Nil,Nil,
,Heading 9971 or Heading 9991,Services by way of reinsurance of the insurance schemes specified in serial numbers 36 or 37 or 41.,Nil,Nil,Nil,
,Heading 9971 or Heading 9991,Services by way of collection of contribution under the Atal Pension Yojana.,Nil,Nil,Nil,
,Heading 9971 or Heading 9991,Services by way of collection of contribution under any pension scheme of the State Governments.,Nil,Nil,Nil,
,Heading 9971 or Heading 9985,Services by the following persons in respective capacities: (a) business facilitator or a business correspondent to a banking company with respect to accounts in its rural area branch; (b) any person as an intermediary to a business facilitator or a business correspondent with respect to services mentioned in entry (a); or (c) business facilitator or a business correspondent to an insurance company in a rural area.,Nil,Nil,Nil,
,Heading 9971,Services by an intermediary of financial services located in a multi services SEZ with International Financial Services Centre (IFSC) status to a customer located outside India for international financial services in currencies other than Indian rupees (INR).,Nil,Nil,Nil,
,Heading 9971 or Heading 9991,"Services provided to the Central Government, State Government, Union territory under any insurance scheme for which total premium is paid by the Central Government, State Government, Union territory.",Nil,Nil,Nil,
,Heading 9971,"Services received by the Reserve Bank of India, from outside India in relation to management of foreign exchange reserves.",Nil,Nil,Nil,
,Heading 9972,"Upfront amount payable in respect of service by way of granting of long term lease (30 years or more) of industrial plots or plots for development of infrastructure for financial business, provided by the State Government Industrial Development Corporations or Undertakings or by any other entity having 20 per cent. or more ownership of Central Government, State Government, Union territory to the industrial units or the developers in any industrial or financial business area.",Nil,Nil,Nil,"Provided that the leased plots shall be used for the purpose for which they are allotted, that is, for industrial or financial activity in an industrial or financial business area."
,Heading 9972,"Service by way of transfer of development rights (TDR) or Floor Space Index (FSI) (including additional FSI) on or after 1st April, 2019 for construction of residential apartments by a promoter in a project, intended for sale to a buyer, wholly or partly, except where the entire consideration has been received after issuance of completion certificate or first occupation.",Nil,Nil,Nil,"Provided that the promoter shall be liable to pay tax at the applicable rate, on reverse charge basis, on such proportion of value of development rights or FSI attributable to the residential apartments which remain un-booked on the date of issuance of completion certificate or first occupation."
,Heading 9972,"Upfront amount payable in respect of service by way of granting of long term lease of thirty years or more, on or after 01.04.2019, for construction of residential apartments by a promoter in a project, intended for sale to a buyer, wholly or partly, except where the entire consideration has been received after issuance of completion certificate or first occupation.",Nil,Nil,Nil,"Provided that the promoter shall be liable to pay tax at the applicable rate, on reverse charge basis, on such proportion of upfront amount attributable to the residential apartments which remain un-booked on the date of issuance of completion certificate or first occupation."
,Heading 9973 or Heading 9991,"Services provided by the Central Government, State Government, Union territory or local authority by way of allowing a business entity to operate as a telecom service provider or use radio frequency spectrum during the period prior to the 1st April, 2016, on payment of licence fee or spectrum user charges.",Nil,Nil,Nil,
,Heading 9981,Services provided by an incubatee up to a total turnover of fifty lakh rupees in a financial year subject to the following conditions: (a) the total turnover had not exceeded fifty lakh rupees during the preceding financial year; and (b) a period of three years has not elapsed from the date of entering into an agreement as an incubate.,Nil,Nil,Nil,
,Heading 9982 or Heading 9991,"Services provided by (a) an arbitral tribunal; (b) a partnership firm of advocates or an individual as an advocate other than a senior advocate, by way of legal services to an advocate or partnership firm of advocates, any person other than a business entity, a business entity with aggregate turnover up to the exemption threshold, or the Central Government, State Government, Union territory, local authority, Governmental Authority or Government Entity; (c) a senior advocate by way of legal services to any person other than a business entity or a business entity with aggregate turnover up to the exemption threshold.",Nil,Nil,Nil,
,Heading 9983,Services by a veterinary clinic in relation to health care of animals or birds.,Nil,Nil,Nil,
,Heading 9983 or Heading 9991,"Services provided by the Central Government, State Government, Union territory or local authority by way of (a) registration required under any law for the time being in force; (b) testing, calibration, safety check or certification relating to protection or safety of workers, consumers or public at large, including fire license, required under any law for the time being in force.",Nil,Nil,Nil,
,Heading 9983 or any other Heading of Chapter 99,"Taxable services, provided or to be provided, by a Technology Business Incubator or a Science and Technology Entrepreneurship Park recognised by the National Science and Technology Entrepreneurship Development Board of the Department of Science and Technology, Government of India or bio-incubators recognised by the Biotechnology Industry Research Assistance Council, under the Department of Biotechnology, Government of India.",Nil,Nil,Nil,
,Heading 9984,"Services by way of collecting or providing news by an independent journalist, Press Trust of India or United News of India.",Nil,Nil,Nil,
,Heading 9984,"Services of public libraries by way of lending of books, publications or any other knowledge-enhancing content or material.",Nil,Nil,Nil,
,Heading 9985,Services provided by a tour operator to a foreign tourist in relation to a tour conducted wholly outside India.,Nil,Nil,Nil,
,Heading 9985,Services by an organiser to any person in respect of a business exhibition held outside India.,Nil,Nil,Nil,
,Heading 9985,"Tour operator service, which is performed partly in India and partly outside India, supplied by a tour operator to a foreign tourist, to the extent of the value of the tour operator service which is performed outside India.",Nil,Nil,Nil,
,Heading 9985,"Services by way of sponsorship of sporting events organised by a national sports federation or its affiliated federations where the participating teams or individuals represent any district, State, zone or Country; by Association of Indian Universities, Inter-University Sports Board, School Games Federation of India, All India Sports Council for the Deaf, Paralympic Committee of India or Special Olympics Bharat; by the Central Civil Services Cultural and Sports Board; as part of national games, by the Indian Olympic Association; or under the Panchayat Yuva Kreeda Aur Khel Abhiyaan Scheme.",Nil,Nil,Nil,
,Heading 9986,"Services relating to cultivation of plants and rearing of all life forms of animals (except rearing of horses) for food, fibre, fuel, raw material or other similar products or agricultural produce by way of agricultural operations directly related to production of agricultural produce including cultivation, harvesting, threshing, plant protection or testing; supply of farm labour; processes carried out at an agricultural farm including tending, pruning, cutting, harvesting, drying, cleaning, trimming, sun drying, fumigating, curing, sorting, grading, cooling or bulk packaging; renting or leasing of agro machinery or vacant land; loading, unloading, packing, storage or warehousing of agricultural produce; agricultural extension services; services by any Agricultural Produce Marketing Committee or Board or commission agent for sale or purchase of agricultural produce.",Nil,Nil,Nil,
,Heading 9986,"Carrying out an intermediate production process as job work in relation to cultivation of plants and rearing of all life forms of animals (except rearing of horses) for food, fibre, fuel, raw material or other similar products or agricultural produce.",Nil,Nil,Nil,
,Heading 9986,Services by way of artificial insemination of livestock (other than horses).,Nil,Nil,Nil,
,Heading 9988 or Heading 9992,"Services provided by the National Centre for Cold Chain Development under the Ministry of Agriculture, Cooperation and Farmer's Welfare by way of cold chain knowledge dissemination.",Nil,Nil,Nil,
,Heading 9999,Services by a foreign diplomatic mission located in India.,Nil,Nil,Nil,
,Heading 9991,"Services by a specified organisation in respect of a religious pilgrimage facilitated by the Government of India, under bilateral arrangement.",Nil,Nil,Nil,
,Heading 9991,"Services provided by the Central Government, State Government, Union territory or local authority by way of issuance of passport, visa, driving licence, birth certificate or death certificate.",Nil,Nil,Nil,
,Heading 9991,Services by way of granting National Permit to a goods carriage to operate throughout India / contiguous States.,Nil,Nil,Nil,
,Heading 9991 or Heading 9997,"Services provided by the Central Government, State Government, Union territory or local authority by way of tolerating non-performance of a contract for which consideration in the form of fines or liquidated damages is payable to the Central Government, State Government, Union territory or local authority under such contract.",Nil,Nil,Nil,
,Heading 9991,"Services provided by the Central Government, State Government, Union territory or local authority by way of assignment of right to use natural resources to an individual farmer for cultivation of plants and rearing of all life forms of animals (except the rearing of horses) for food, fibre, fuel, raw material or other similar products.",Nil,Nil,Nil,
,Heading 9991 or Heading 9973,"Services provided by the Central Government, State Government, Union territory or local authority by way of assignment of right to use any natural resource where such right to use was assigned by the Central Government, State Government, Union territory or local authority before the 1st April, 2016.",Nil,Nil,Nil,
,Heading 9991,"Services provided by the Central Government, State Government, Union territory by way of deputing officers after office hours or on holidays for inspection or container stuffing or such other duties in relation to import export cargo on payment of Merchant Overtime charges.",Nil,Nil,Nil,
,Heading 9991,"Services by way of providing information under the Right to Information Act, 2005.",Nil,Nil,Nil,
,Heading 9991 or any other Heading,Services supplied by a State Government to Excess Royalty Collection Contractor (ERCC) by way of assigning the right to collect royalty on behalf of the State Government on the mineral dispatched by the mining lease holders.,Nil,Nil,Nil,"Provided that at the end of the contract period, ERCC shall submit an account to the State Government and certify that the amount of goods and services tax deposited by mining lease holders on royalty is more than the goods and services tax exempted on the service provided by State Government to the ERCC."
,Heading 9992 or Heading 9963,"Services provided (a) by an educational institution to its students, faculty and staff; (aa) by an educational institution by way of conduct of entrance examination against consideration in the form of entrance fee; (b) to an educational institution, by way of transportation of students, faculty and staff; catering, including any mid-day meals scheme; security or cleaning or house-keeping services; services relating to admission to, or conduct of examination; supply of online educational journals or periodicals.",Nil,Nil,Nil,
,Heading 9992 or Heading 9996,"Services provided to a recognised sports body by (a) an individual as a player, referee, umpire, coach or team manager for participation in a sporting event organised by a recognized sports body; (b) another recognised sports body.",Nil,Nil,Nil,
,Heading 9992 or Heading 9983 or Heading 9991,"Any services provided by the National Skill Development Corporation, a Sector Skill Council approved by NSDC, an assessment agency approved by the Sector Skill Council or NSDC, or a training partner approved by NSDC or the Sector Skill Council, in relation to the National Skill Development Programme, a vocational skill development course under the National Skill Certification and Monetary Reward Scheme, or any other Scheme implemented by NSDC.",Nil,Nil,Nil,
,Heading 9983 or Heading 9985 or Heading 9992,"Services of assessing bodies empanelled centrally by the Directorate General of Training, Ministry of Skill Development and Entrepreneurship by way of assessments under the Skill Development Initiative Scheme.",Nil,Nil,Nil,
,Heading 9992,Services provided by training providers (Project implementation agencies) under Deen Dayal Upadhyaya Grameen Kaushalya Yojana by way of offering skill or vocational training courses certified by the National Council for Vocational Training.,Nil,Nil,Nil,
,Heading 9992,"Services provided to the Central Government, State Government, Union territory administration under any training programme for which 75% or more of the total expenditure is borne by the Central Government, State Government, Union territory administration.",Nil,Nil,Nil,
,Heading 9993,"Services by way of (a) health care services by a clinical establishment, an authorised medical practitioner or para-medics; (b) services provided by way of transportation of a patient in an ambulance, other than those specified in (a) above.",Nil,Nil,Nil,
,Heading 9993,"Services provided by rehabilitation professionals recognised under the Rehabilitation Council of India Act, 1992 by way of rehabilitation, therapy or counselling and such other activity as covered by the said Act at medical establishments, educational institutions, rehabilitation centers established by Central Government, State Government or Union territory or an entity registered under section 12AA or 12AB of the Income-tax Act, 1961.",Nil,Nil,Nil,
,Heading 9994,"Services by way of public conveniences such as provision of facilities of bathroom, washrooms, lavatories, urinal or toilets.",Nil,Nil,Nil,
,Heading 9995,"Service by an unincorporated body or a non-profit entity registered under any law for the time being in force, to its own members by way of reimbursement of charges or share of contribution (a) as a trade union; (b) for the provision of carrying out any activity which is exempt from the levy of Goods and service Tax; or (c) up to an amount of seven thousand five hundred rupees per month per member for sourcing of goods or services from a third person for the common use of its members in a housing society or a residential complex.",Nil,Nil,Nil,
,Heading 9995,"Services provided by an unincorporated body or a non-profit entity registered under any law for the time being in force, engaged in (i) activities relating to the welfare of industrial or agricultural labour or farmer; or (ii) promotion of trade, commerce, industry, agriculture, art, science, literature, culture, sports, education, social welfare, charitable activities and protection of environment, to its own members against consideration in the form of membership fee upto an amount of one thousand rupees (Rs 1000/-) per member per year.",Nil,Nil,Nil,
,Heading 9996,"Services by an artist by way of a performance in folk or classical art forms of (a) music, or (b) dance, or (c) theatre, if the consideration charged for such performance is not more than one lakh and fifty thousand rupees. Provided that the exemption shall not apply to service provided by such artist as a brand ambassador.",Nil,Nil,Nil,
,Heading 9996,"Services by way of admission to a museum, national park, wildlife sanctuary, tiger reserve or zoo.",Nil,Nil,Nil,
,Heading 9996,"Services by way of admission to a protected monument so declared under the Ancient Monuments and Archaeological Sites and Remains Act 1958 or any of the State Acts, for the time being in force.",Nil,Nil,Nil,
,Heading 9996,"Services by way of training or coaching in (a) recreational activities relating to arts or culture, by an individual, or (b) sports by charitable entities registered under Section 12AA or 12AB of the Income Tax Act.",Nil,Nil,Nil,
,Heading 9996,"Services by way of right to admission to (a) circus, dance, or theatrical performance including drama or ballet; (b) award function, concert, pageant, musical performance or any sporting event other than a recognised sporting event; (c) recognised sporting event; (d) planetarium, where the consideration for right to admission is not more than Rs 500 per person.",Nil,Nil,Nil,
,Chapter 9996,Services by way of right to admission to the events organised under FIFA U-17 World Cup 2017.,Nil,Nil,Nil,
,Heading 9996,Services by way of right to admission to the events organised under FIFA U-17 Women's World Cup 2020 [whenever rescheduled].,Nil,Nil,Nil,
,Heading 9996,Services by way of right to admission to the events organised under AFC Women's Asia Cup 2022.,Nil,Nil,Nil,
